id,budget,revenue
19995.0,237000000.0,2787965087.0
285.0,300000000.0,961000000.0
206647.0,245000000.0,880674609.0
49026.0,250000000.0,1084939099.0
49529.0,260000000.0,284139100.0
559.0,258000000.0,890871626.0
38757.0,260000000.0,591794936.0
99861.0,280000000.0,1405403694.0
767.0,250000000.0,933959197.0
209112.0,250000000.0,873260194.0
1452.0,270000000.0,391081192.0
10764.0,200000000.0,586090727.0
58.0,200000000.0,1065659812.0
57201.0,255000000.0,89289910.0
49521.0,225000000.0,662845518.0
2454.0,225000000.0,419651413.0
24428.0,220000000.0,1519557910.0
1865.0,380000000.0,1045713802.0
41154.0,225000000.0,624026776.0
122917.0,250000000.0,956019788.0
1930.0,215000000.0,752215857.0
20662.0,200000000.0,310669540.0
57158.0,250000000.0,958400000.0
2268.0,180000000.0,372234864.0
254.0,207000000.0,550000000.0
597.0,200000000.0,1845034188.0
271110.0,250000000.0,1153304495.0
44833.0,209000000.0,303025485.0
135397.0,150000000.0,1513528810.0
37724.0,200000000.0,1108561013.0
558.0,200000000.0,783766341.0
68721.0,200000000.0,1215439994.0
12155.0,200000000.0,1025491110.0
36668.0,210000000.0,459359555.0
62211.0,200000000.0,743559607.0
8373.0,150000000.0,836297228.0
91314.0,210000000.0,1091405097.0
68728.0,200000000.0,491868548.0
102382.0,200000000.0,705717432.0
20526.0,170000000.0,400062763.0
49013.0,200000000.0,559852396.0
44912.0,200000000.0,219851172.0
10193.0,200000000.0,1066969703.0
534.0,200000000.0,371353001.0
168259.0,190000000.0,1506249360.0
72190.0,200000000.0,531865000.0
127585.0,250000000.0,747862775.0
54138.0,190000000.0,467365246.0
81005.0,195000000.0,197687603.0
64682.0,105000000.0,351040419.0
9543.0,150000000.0,335154643.0
68726.0,180000000.0,407602906.0
38356.0,195000000.0,1123746996.0
217.0,185000000.0,786636033.0
105864.0,175000000.0,331926147.0
62177.0,185000000.0,538983207.0
188927.0,185000000.0,343471816.0
10681.0,180000000.0,521311860.0
5174.0,140000000.0,258022233.0
14161.0,200000000.0,769653595.0
17979.0,200000000.0,325233863.0
76757.0,176000003.0,183987723.0
258489.0,180000000.0,356743061.0
411.0,180000000.0,748806957.0
246655.0,178000000.0,543934787.0
155.0,185000000.0,1004558444.0
14160.0,175000000.0,735099082.0
15512.0,175000000.0,381509870.0
1726.0,140000000.0,585174222.0
44826.0,170000000.0,185770160.0
8487.0,170000000.0,222104681.0
1735.0,145000000.0,401128639.0
297761.0,175000000.0,745000000.0
2698.0,175000000.0,173000000.0
137113.0,178000000.0,370541256.0
9804.0,175000000.0,264218220.0
14869.0,175000000.0,302469017.0
150540.0,175000000.0,857611174.0
278927.0,175000000.0,966550600.0
10138.0,200000000.0,623933331.0
58595.0,170000000.0,396600000.0
102651.0,180000000.0,758539785.0
119450.0,170000000.0,710644566.0
64686.0,175000000.0,150962475.0
100402.0,170000000.0,714766572.0
10192.0,165000000.0,752600867.0
158852.0,190000000.0,209154322.0
177572.0,165000000.0,652105443.0
82690.0,165000000.0,471222889.0
5255.0,165000000.0,305875730.0
47933.0,165000000.0,389681935.0
10191.0,165000000.0,494878759.0
296.0,200000000.0,435000000.0
118340.0,170000000.0,773328629.0
157336.0,165000000.0,675120017.0
27205.0,160000000.0,825532764.0
315011.0,15000000.0,77000000.0
49051.0,250000000.0,1021103568.0
9799.0,38000000.0,207283925.0
4922.0,150000000.0,333932083.0
49538.0,160000000.0,353624124.0
131634.0,160000000.0,653428261.0
27022.0,150000000.0,215283742.0
503.0,160000000.0,181674817.0
241259.0,170000000.0,299370084.0
810.0,160000000.0,798958165.0
68735.0,160000000.0,433677183.0
87101.0,155000000.0,440603537.0
10140.0,155000000.0,415686217.0
676.0,140000000.0,449220945.0
1858.0,150000000.0,709709780.0
1966.0,155000000.0,167298192.0
675.0,150000000.0,938212738.0
674.0,150000000.0,895921036.0
8960.0,150000000.0,624029371.0
6479.0,150000000.0,585349010.0
118.0,150000000.0,474968763.0
2062.0,150000000.0,623722818.0
272.0,150000000.0,374218673.0
10527.0,150000000.0,603900354.0
18360.0,150000000.0,413106170.0
2080.0,150000000.0,373062864.0
605.0,150000000.0,424988211.0
109445.0,150000000.0,1274219009.0
604.0,150000000.0,738599701.0
76338.0,170000000.0,644571402.0
76341.0,150000000.0,378858340.0
13448.0,150000000.0,356613439.0
10195.0,150000000.0,449326618.0
13053.0,150000000.0,309979994.0
19585.0,150000000.0,292817841.0
57165.0,150000000.0,301000000.0
62213.0,150000000.0,245527149.0
177677.0,150000000.0,682330139.0
5559.0,150000000.0,287594577.0
49444.0,150000000.0,665692281.0
10196.0,150000000.0,318502923.0
956.0,150000000.0,397850012.0
117251.0,150000000.0,205366737.0
50321.0,150000000.0,38992758.0
11619.0,149000000.0,64459316.0
266647.0,150000000.0,128388320.0
82703.0,145000000.0,272912430.0
652.0,175000000.0,497409852.0
80321.0,145000000.0,746921274.0
36669.0,140000000.0,431971116.0
43074.0,144000000.0,229147509.0
95.0,140000000.0,553799566.0
608.0,140000000.0,441818803.0
2310.0,70000000.0,195735876.0
140300.0,145000000.0,521170825.0
56292.0,145000000.0,694713380.0
81188.0,145000000.0,306941670.0
7552.0,100000000.0,202026112.0
616.0,140000000.0,456758981.0
147441.0,140000000.0,268031828.0
13475.0,150000000.0,385680446.0
557.0,139000000.0,821708551.0
82702.0,145000000.0,609123048.0
205584.0,140000000.0,150680864.0
10048.0,135000000.0,76932943.0
13183.0,130000000.0,185258983.0
944.0,140000000.0,285444603.0
1927.0,137000000.0,245360480.0
72559.0,130000000.0,371876278.0
7364.0,130000000.0,119269486.0
2114.0,137000000.0,85131830.0
1771.0,140000000.0,370569774.0
36643.0,135000000.0,361832400.0
8619.0,150000000.0,212011111.0
50620.0,120000000.0,829000000.0
65759.0,130000000.0,150406466.0
1724.0,150000000.0,163712074.0
267935.0,140000000.0,183345589.0
281957.0,135000000.0,532950503.0
77950.0,135000000.0,282570682.0
44896.0,135000000.0,245724603.0
270946.0,132000000.0,373552094.0
2503.0,70000000.0,442824138.0
9502.0,130000000.0,631744560.0
102899.0,130000000.0,519311965.0
101299.0,130000000.0,847423452.0
228161.0,135000000.0,368871007.0
74.0,132000000.0,591739379.0
8961.0,130000000.0,273339556.0
417859.0,130000000.0,554987477.0
27576.0,110000000.0,293329073.0
86834.0,125000000.0,362637473.0
17578.0,130000000.0,371940071.0
673.0,130000000.0,789804554.0
6972.0,130000000.0,49554002.0
82700.0,130000000.0,243843127.0
10567.0,127500000.0,354248063.0
181533.0,127000000.0,349424282.0
38055.0,130000000.0,321887208.0
671.0,125000000.0,976475550.0
49524.0,130000000.0,61648500.0
22.0,140000000.0,655011224.0
131631.0,125000000.0,752100229.0
591.0,125000000.0,767820459.0
172385.0,103000000.0,500188435.0
36658.0,110000000.0,407711549.0
51497.0,125000000.0,626137675.0
58574.0,125000000.0,334615000.0
18823.0,125000000.0,232713139.0
861.0,65000000.0,261317921.0
1911.0,160000000.0,61698899.0
49040.0,130000000.0,276572938.0
415.0,125000000.0,238207122.0
8871.0,123000000.0,345141403.0
435.0,125000000.0,544272402.0
955.0,125000000.0,546388105.0
2133.0,120000000.0,325756637.0
1979.0,130000000.0,289047763.0
87827.0,120000000.0,609016565.0
1250.0,110000000.0,228738393.0
324668.0,120000000.0,415484914.0
9471.0,120000000.0,259175788.0
70981.0,130000000.0,403170142.0
10996.0,120000000.0,169956806.0
68724.0,115000000.0,286140700.0
2789.0,105000000.0,115772733.0
97020.0,120000000.0,242688965.0
7459.0,120000000.0,93945766.0
42888.0,120000000.0,48668907.0
37834.0,117000000.0,261930431.0
75612.0,120000000.0,286168572.0
1895.0,113000000.0,850000000.0
1894.0,120000000.0,649398328.0
585.0,115000000.0,562816256.0
76170.0,120000000.0,415440673.0
1893.0,115000000.0,924317558.0
49519.0,135000000.0,585178928.0
2395.0,97250400.0,132900000.0
12100.0,115000000.0,77628265.0
290595.0,115000000.0,164602163.0
98566.0,125000000.0,477200000.0
49047.0,105000000.0,716392705.0
9619.0,116000000.0,178127760.0
308531.0,135000000.0,245623848.0
166424.0,120000000.0,167977596.0
1593.0,110000000.0,574480841.0
254128.0,110000000.0,470490832.0
714.0,110000000.0,333011068.0
2024.0,110000000.0,215294342.0
163.0,110000000.0,362744280.0
787.0,110000000.0,478207520.0
262500.0,110000000.0,295238201.0
2567.0,116000000.0,102000000.0
38745.0,112000000.0,237382724.0
40805.0,120000000.0,227817248.0
53182.0,110000000.0,337580051.0
41513.0,110000000.0,563749323.0
13700.0,110000000.0,103951461.0
262504.0,110000000.0,179246868.0
39254.0,110000000.0,299268508.0
77931.0,105000000.0,347434178.0
1639.0,160000000.0,164508066.0
80274.0,110000000.0,125537191.0
1571.0,110000000.0,383531464.0
120.0,93000000.0,871368364.0
10204.0,110000000.0,72178895.0
8489.0,107000000.0,87713825.0
2048.0,120000000.0,347234916.0
1495.0,130000000.0,211643158.0
10137.0,133000000.0,300135367.0
10198.0,105000000.0,267045765.0
286217.0,108000000.0,630161890.0
1635.0,126000000.0,162949164.0
24113.0,90000000.0,10372291.0
9679.0,90000000.0,237202299.0
98.0,103000000.0,457640427.0
180.0,102000000.0,358372926.0
672.0,100000000.0,876688482.0
36557.0,150000000.0,599045960.0
869.0,100000000.0,362211740.0
280.0,100000000.0,520000000.0
11322.0,80000000.0,214104620.0
4982.0,100000000.0,266465037.0
36955.0,115000000.0,378882411.0
18487.0,100000000.0,150166126.0
39451.0,100000000.0,310650585.0
27581.0,100000000.0,170432927.0
9268.0,100000000.0,242295562.0
68718.0,100000000.0,425368238.0
10545.0,100000000.0,100138851.0
11688.0,100000000.0,169327687.0
76163.0,100000000.0,312573423.0
2059.0,100000000.0,347451894.0
2486.0,100000000.0,249288105.0
16523.0,100000000.0,100086793.0
116711.0,100000000.0,268426634.0
37710.0,100000000.0,278731369.0
9946.0,100000000.0,211989043.0
1372.0,100000000.0,170877916.0
106646.0,100000000.0,392000694.0
414.0,100000000.0,336529144.0
563.0,105000000.0,121214377.0
83542.0,102000000.0,130482868.0
41216.0,80000000.0,140073390.0
314.0,100000000.0,82102379.0
184315.0,100000000.0,243400000.0
9016.0,140000000.0,109578115.0
18162.0,100000000.0,68688831.0
138103.0,90000000.0,206172544.0
257088.0,105000000.0,133718711.0
205775.0,100000000.0,93820758.0
11692.0,100000000.0,7103973.0
22972.0,100000000.0,94882889.0
227973.0,99000000.0,246233113.0
29193.0,10000000.0,13835130.0
1734.0,98000000.0,433013274.0
3131.0,100000000.0,193772504.0
76758.0,94000000.0,95311434.0
9408.0,85000000.0,149044513.0
9890.0,90000000.0,102000000.0
855.0,92000000.0,172989651.0
18.0,90000000.0,263920180.0
37786.0,100000000.0,288347692.0
10501.0,95000000.0,76432727.0
57800.0,95000000.0,877244782.0
150689.0,95000000.0,543514353.0
7980.0,65000000.0,93525586.0
12.0,94000000.0,940335536.0
122.0,94000000.0,1118888979.0
121.0,79000000.0,926287400.0
68737.0,95000000.0,114178613.0
1995.0,115000000.0,274703340.0
157353.0,100000000.0,103039258.0
331.0,93000000.0,368780809.0
61791.0,93000000.0,482860185.0
8204.0,90000000.0,162839667.0
47964.0,92000000.0,304654182.0
10733.0,145000000.0,25819961.0
9806.0,92000000.0,631442092.0
1408.0,98000000.0,10017322.0
32657.0,95000000.0,226497209.0
607.0,90000000.0,589390539.0
863.0,90000000.0,497366869.0
44048.0,100000000.0,167805466.0
5175.0,90000000.0,347325802.0
2655.0,100000000.0,155464351.0
22794.0,100000000.0,242988466.0
8355.0,90000000.0,886686817.0
116745.0,90000000.0,188133322.0
4327.0,92000000.0,264105545.0
1422.0,90000000.0,289847354.0
10674.0,90000000.0,304320254.0
7446.0,92000000.0,188072649.0
65754.0,90000000.0,232617430.0
1572.0,90000000.0,366101666.0
10528.0,90000000.0,524028679.0
271969.0,100000000.0,94061311.0
10865.0,120000000.0,186053725.0
2253.0,75000000.0,200276000.0
10661.0,90000000.0,201596308.0
257344.0,88000000.0,243637091.0
644.0,100000000.0,235926552.0
10756.0,90000000.0,182290266.0
686.0,90000000.0,171120329.0
9383.0,95000000.0,190213455.0
179.0,80000000.0,162944923.0
76285.0,90000000.0,174578751.0
1996.0,95000000.0,156505388.0
291805.0,90000000.0,334901337.0
10003.0,68000000.0,118063304.0
1535.0,92000000.0,143049560.0
2067.0,90000000.0,60874615.0
46195.0,90000000.0,484635760.0
2277.0,100000000.0,93700000.0
4477.0,90000000.0,140807547.0
8665.0,100000000.0,35168966.0
9387.0,20000000.0,79114085.0
921.0,88000000.0,108539911.0
49852.0,90000000.0,16178959.0
4464.0,87000000.0,148336445.0
664.0,92000000.0,494471524.0
8358.0,90000000.0,429632142.0
9836.0,100000000.0,384335608.0
2502.0,75000000.0,288500217.0
9772.0,85000000.0,315156409.0
161.0,85000000.0,450717150.0
52451.0,75000000.0,132274484.0
76492.0,85000000.0,358375603.0
4523.0,85000000.0,340487652.0
59961.0,85000000.0,208076205.0
10481.0,85000000.0,183611771.0
59108.0,75000000.0,152930623.0
1581.0,85000000.0,194168700.0
9798.0,90000000.0,250649836.0
22897.0,85000000.0,219103655.0
298.0,85000000.0,311312624.0
7484.0,85000000.0,197309027.0
157350.0,85000000.0,288747895.0
853.0,68000000.0,96976270.0
10159.0,85000000.0,80916492.0
9593.0,85000000.0,137298489.0
1904.0,85000000.0,162242962.0
9615.0,85000000.0,158468292.0
297.0,90000000.0,142940100.0
9884.0,85000000.0,78382433.0
62764.0,85000000.0,183018522.0
22538.0,60000000.0,47664559.0
9341.0,60000000.0,74208267.0
12107.0,84000000.0,123307945.0
9637.0,84000000.0,275650703.0
49049.0,50000000.0,41037742.0
9339.0,82500000.0,237681299.0
16281.0,8000000.0,21028755.0
39691.0,85000000.0,112483764.0
8247.0,85000000.0,222231186.0
11253.0,85000000.0,160388063.0
1949.0,65000000.0,84785914.0
8452.0,82000000.0,96085477.0
310.0,80000000.0,484572835.0
27578.0,80000000.0,274470394.0
954.0,80000000.0,457696359.0
70160.0,75000000.0,691210692.0
45243.0,80000000.0,254455986.0
364.0,80000000.0,280000000.0
7518.0,80000000.0,343397247.0
11544.0,80000000.0,145771527.0
9986.0,85000000.0,144000000.0
8656.0,75000000.0,140464664.0
9291.0,82000000.0,190320568.0
55301.0,75000000.0,342695435.0
109418.0,80000000.0,246984278.0
11665.0,80000000.0,230685453.0
6964.0,80000000.0,266728738.0
11324.0,80000000.0,294804195.0
12193.0,80000000.0,163733697.0
9928.0,75000000.0,260696994.0
754.0,80000000.0,245676146.0
10202.0,80000000.0,212874442.0
4147.0,80000000.0,181001478.0
50546.0,80000000.0,214918407.0
1701.0,75000000.0,224012234.0
13027.0,80000000.0,178066569.0
2289.0,79000000.0,173013509.0
20504.0,80000000.0,157107755.0
9574.0,80000000.0,177977226.0
11618.0,80000000.0,91188905.0
2300.0,80000000.0,250200000.0
10200.0,80000000.0,233093859.0
8834.0,75000000.0,136982834.0
228150.0,68000000.0,211817906.0
6068.0,70000000.0,164000000.0
41515.0,80000000.0,201584141.0
9023.0,80000000.0,122563539.0
38317.0,80000000.0,169852759.0
2157.0,80000000.0,136159423.0
14462.0,80000000.0,96105964.0
159824.0,80000000.0,473226958.0
49948.0,80000000.0,90874570.0
2135.0,80000000.0,123729176.0
9705.0,102000000.0,147080413.0
1656.0,75000000.0,142400065.0
12159.0,85000000.0,71485043.0
4442.0,88000000.0,105316267.0
75.0,70000000.0,101371017.0
19959.0,80000000.0,122444772.0
11973.0,80000000.0,34566746.0
11228.0,80000000.0,159212469.0
77951.0,80000000.0,126546518.0
5491.0,44000000.0,21400000.0
10715.0,80000000.0,68514844.0
10197.0,80000000.0,53825515.0
9562.0,80000000.0,19480739.0
9922.0,80000000.0,17626234.0
9447.0,90000000.0,69131860.0
274854.0,90000000.0,146936910.0
8870.0,80000000.0,33463969.0
9992.0,86000000.0,107944236.0
10077.0,80000000.0,5989640.0
76649.0,130000000.0,117831631.0
453.0,60000000.0,313542341.0
8587.0,45000000.0,788241776.0
72545.0,79000000.0,355692760.0
109451.0,78000000.0,248384621.0
9533.0,78000000.0,209196298.0
2023.0,100000000.0,108103450.0
71880.0,79000000.0,149673788.0
584.0,76000000.0,236350661.0
309809.0,64000000.0,97571250.0
4858.0,80000000.0,15071514.0
17711.0,76000000.0,35134820.0
328111.0,75000000.0,875958308.0
8698.0,78000000.0,179265204.0
93456.0,76000000.0,970761885.0
602.0,75000000.0,816969268.0
330.0,73000000.0,229074524.0
953.0,75000000.0,532680671.0
9693.0,76000000.0,69959751.0
36657.0,75000000.0,296339527.0
8909.0,75000000.0,258270008.0
9802.0,75000000.0,335062621.0
950.0,80000000.0,660940780.0
1824.0,75000000.0,196482882.0
2976.0,50000000.0,90450008.0
11026.0,80000000.0,78000586.0
75656.0,75000000.0,117698894.0
38365.0,80000000.0,271430189.0
594.0,60000000.0,219417255.0
15189.0,35000000.0,73034460.0
11678.0,75000000.0,215663859.0
6538.0,75000000.0,119000410.0
10555.0,75000000.0,367275019.0
1125.0,70000000.0,154937680.0
4551.0,53000000.0,95226116.0
612.0,70000000.0,130358911.0
9567.0,70000000.0,85632458.0
37821.0,75000000.0,98159963.0
203801.0,75000000.0,108145109.0
2539.0,80000000.0,55041367.0
9297.0,75000000.0,140175006.0
3172.0,75000000.0,67631903.0
6520.0,55000000.0,127600435.0
37958.0,75000000.0,226904017.0
2026.0,52000000.0,77944725.0
7450.0,75000000.0,36754634.0
11375.0,75000000.0,51142659.0
9425.0,75000000.0,14567883.0
23685.0,75000000.0,5409517.0
11866.0,45000000.0,21009180.0
9741.0,75000000.0,248118121.0
211672.0,74000000.0,1156730962.0
23629.0,82000000.0,89792502.0
8688.0,73000000.0,103891409.0
10153.0,75000000.0,13100000.0
153518.0,73000000.0,349779543.0
8676.0,70000000.0,111231041.0
20829.0,75000000.0,61458982.0
4349.0,70000000.0,86658558.0
9718.0,72500000.0,162966177.0
10808.0,70000000.0,176104344.0
197.0,72000000.0,210000000.0
25.0,72000000.0,96889998.0
35.0,75000000.0,527068851.0
11086.0,72000000.0,37317558.0
10477.0,94000000.0,54744738.0
1997.0,74500000.0,62172050.0
6947.0,60000000.0,256697520.0
3050.0,71000000.0,294456605.0
2675.0,72000000.0,408247917.0
809.0,150000000.0,919838758.0
920.0,120000000.0,461983149.0
4806.0,70000000.0,309457509.0
7451.0,70000000.0,277448382.0
228165.0,74000000.0,311594032.0
3595.0,80000000.0,309492681.0
16869.0,70000000.0,319131050.0
879.0,70000000.0,300854823.0
1573.0,70000000.0,240031094.0
9257.0,80000000.0,116643346.0
1903.0,68000000.0,203388341.0
9697.0,75000000.0,42285169.0
395.0,70000000.0,171183863.0
23398.0,75000000.0,443140005.0
10590.0,75000000.0,114660784.0
117263.0,70000000.0,161025640.0
200.0,70000000.0,118000000.0
44943.0,70000000.0,202466756.0
587.0,70000000.0,122919055.0
57212.0,66000000.0,177584879.0
152760.0,70000000.0,154984035.0
2756.0,70000000.0,90000098.0
33909.0,70000000.0,134748021.0
49017.0,70000000.0,215529201.0
9882.0,70000000.0,116672912.0
2270.0,70000000.0,135560026.0
978.0,70000000.0,131457682.0
44564.0,70000000.0,67112664.0
3132.0,70000000.0,65977295.0
8814.0,60000000.0,55987321.0
8427.0,70000000.0,33561137.0
52520.0,70000000.0,160112671.0
80585.0,75000000.0,59418613.0
10592.0,70000000.0,32287044.0
49021.0,66000000.0,57777106.0
10550.0,70000000.0,19924033.0
11258.0,70000000.0,19870567.0
12610.0,75000000.0,13596911.0
59981.0,70000000.0,18662027.0
201088.0,70000000.0,17752940.0
5137.0,70000000.0,57958696.0
3093.0,70000000.0,38629478.0
107846.0,50000000.0,122915111.0
188207.0,70000000.0,61279452.0
4614.0,68000000.0,193000000.0
24021.0,68000000.0,698491347.0
11371.0,68000000.0,71069884.0
20352.0,69000000.0,543513985.0
11517.0,60000000.0,35431113.0
214756.0,68000000.0,217022588.0
26428.0,70000000.0,39041505.0
9824.0,68000000.0,29762011.0
48988.0,36000000.0,83160734.0
9008.0,90000000.0,60289912.0
300673.0,80000000.0,52099090.0
12113.0,70000000.0,113280098.0
38778.0,69000000.0,86387857.0
72331.0,69000000.0,112265139.0
1844.0,66000000.0,212404396.0
846.0,66000000.0,189198313.0
9703.0,67000000.0,25303038.0
857.0,70000000.0,481840909.0
136797.0,66000000.0,203277636.0
3981.0,70000000.0,374111707.0
425.0,59000000.0,383257136.0
6171.0,68000000.0,75715436.0
72976.0,65000000.0,275293450.0
603.0,63000000.0,463517383.0
568.0,52000000.0,355237933.0
9021.0,65000000.0,172855065.0
82695.0,61000000.0,441809770.0
9489.0,65000000.0,250821495.0
12133.0,65000000.0,128107642.0
9342.0,95000000.0,250288523.0
41733.0,65000000.0,211780824.0
227306.0,65000000.0,163442937.0
5551.0,65000000.0,128884132.0
9350.0,70000000.0,255000211.0
9208.0,50000000.0,150270147.0
4244.0,65000000.0,69700000.0
1852.0,63000000.0,162945894.0
76493.0,65000000.0,179379533.0
345.0,65000000.0,162091208.0
196867.0,65000000.0,133821816.0
256591.0,50100000.0,153962963.0
59962.0,65000000.0,156974557.0
36648.0,65000000.0,128905366.0
1880.0,4200000.0,38376497.0
71679.0,65000000.0,240159255.0
10483.0,45000000.0,73762516.0
11412.0,65000000.0,89456761.0
6795.0,65000000.0,64321501.0
550.0,63000000.0,100853753.0
11170.0,65000000.0,43545364.0
9292.0,65000000.0,17218080.0
100241.0,65000000.0,71154592.0
257.0,50000000.0,42093706.0
9947.0,43000000.0,56681566.0
189.0,65000000.0,39407616.0
12618.0,64000000.0,74608570.0
253412.0,55000000.0,203427584.0
1427.0,50000000.0,132180323.0
818.0,63000000.0,296655431.0
16577.0,65000000.0,44091067.0
329.0,63000000.0,920100000.0
12160.0,63000000.0,25052000.0
9331.0,62000000.0,215887717.0
300168.0,65000000.0,121545703.0
9072.0,64000000.0,101595121.0
3536.0,62000000.0,127666415.0
9087.0,62000000.0,107879496.0
12177.0,62000000.0,41819064.0
12138.0,62000000.0,18720175.0
273248.0,44000000.0,155760117.0
50359.0,63000000.0,183953723.0
1271.0,65000000.0,422610419.0
693.0,80000000.0,516642939.0
14306.0,60000000.0,244082376.0
497.0,60000000.0,284600000.0
9982.0,150000000.0,314432665.0
210577.0,61000000.0,369330363.0
2501.0,60000000.0,214034224.0
710.0,58000000.0,352194034.0
2275.0,60000000.0,149705852.0
37165.0,60000000.0,264118201.0
9837.0,70000000.0,218613188.0
10708.0,60000000.0,164433867.0
136400.0,61000000.0,131940411.0
10992.0,60000000.0,93375151.0
9654.0,60000000.0,176070171.0
2642.0,60000000.0,93354918.0
8916.0,60000000.0,171757863.0
19899.0,70000000.0,171844840.0
2119.0,60000000.0,157920733.0
9641.0,60000000.0,129181830.0
294254.0,61000000.0,311256926.0
38167.0,60000000.0,204594016.0
39514.0,58000000.0,71664962.0
9563.0,55000000.0,100230832.0
547.0,60000000.0,186883563.0
1538.0,65000000.0,217764291.0
9334.0,60000000.0,165333180.0
11128.0,60000000.0,74541707.0
75780.0,60000000.0,218340595.0
8914.0,60000000.0,73648228.0
39538.0,60000000.0,137551594.0
14836.0,60000000.0,124596398.0
8645.0,60000000.0,163403799.0
9509.0,70000000.0,130293714.0
10067.0,50000000.0,61112916.0
9384.0,60000000.0,170268750.0
9279.0,60000000.0,129832389.0
1487.0,66000000.0,99318987.0
9422.0,70000000.0,56702901.0
77174.0,60000000.0,107139399.0
4824.0,60000000.0,159330280.0
9620.0,60000000.0,96269812.0
10199.0,60000000.0,50877145.0
3512.0,60000000.0,104324083.0
137094.0,60000000.0,50549107.0
274479.0,60000000.0,101134059.0
267860.0,60000000.0,205754447.0
8078.0,70000000.0,162000000.0
7485.0,61000000.0,95696996.0
170687.0,60000000.0,108255770.0
6435.0,75000000.0,46683377.0
137106.0,60000000.0,469160692.0
6278.0,60000000.0,43061982.0
82682.0,60000000.0,105200903.0
17610.0,60000000.0,62357900.0
22954.0,60000000.0,122233971.0
16995.0,60000000.0,87784194.0
16558.0,78146652.0,60000000.0
9849.0,65000000.0,36850101.0
5820.0,60000000.0,77920346.0
16866.0,70000000.0,104945765.0
201.0,60000000.0,67312826.0
11775.0,60000000.0,119940815.0
12201.0,80000000.0,74901339.0
11015.0,60000000.0,33956608.0
9932.0,60000000.0,55003135.0
13389.0,60000000.0,73174566.0
17332.0,60000000.0,31720158.0
4958.0,80000000.0,39459427.0
786.0,60000000.0,47383689.0
11679.0,60000000.0,71073932.0
38321.0,60000000.0,78309131.0
14411.0,60000000.0,26288320.0
8413.0,60000000.0,26673242.0
10052.0,60000000.0,52322400.0
9676.0,50000000.0,49111202.0
9664.0,60000000.0,17800000.0
2100.0,72000000.0,27642707.0
10384.0,90000000.0,14828081.0
137321.0,60000000.0,30800231.0
123553.0,60000000.0,90565421.0
11260.0,60000000.0,50650079.0
9009.0,30000000.0,25473093.0
2309.0,60000000.0,57490374.0
8285.0,60000000.0,39031337.0
210860.0,60000000.0,30418560.0
381902.0,68490000.0,193677158.0
13922.0,80000000.0,10166502.0
293660.0,58000000.0,783112979.0
190859.0,58800000.0,542307423.0
257445.0,58000000.0,158162788.0
9007.0,58000000.0,102854431.0
889.0,83000000.0,59468275.0
1370.0,63000000.0,189015611.0
4942.0,58000000.0,41299492.0
24438.0,58000000.0,85280250.0
116741.0,58000000.0,44000000.0
35791.0,60000000.0,300228084.0
72431.0,58000000.0,50365377.0
1813.0,57000000.0,152944660.0
87428.0,70000000.0,58058367.0
8840.0,57000000.0,115267375.0
10589.0,60000000.0,61347797.0
71676.0,57000000.0,149217355.0
1722.0,57000000.0,62112895.0
10022.0,56000000.0,113006880.0
11358.0,56000000.0,57223890.0
13.0,55000000.0,677945399.0
6477.0,60000000.0,361366633.0
1597.0,55000000.0,330444045.0
10530.0,55000000.0,346079773.0
1924.0,55000000.0,300218018.0
9327.0,54000000.0,128769345.0
8488.0,70000000.0,368100420.0
8273.0,55000000.0,231449203.0
109424.0,55000000.0,95000000.0
35056.0,55000000.0,152263880.0
8839.0,50000000.0,287928194.0
156022.0,55000000.0,192330738.0
7303.0,55000000.0,154906693.0
8963.0,53000000.0,157387195.0
1402.0,55000000.0,307077295.0
9315.0,55000000.0,223387299.0
8984.0,55000000.0,214015089.0
795.0,55000000.0,198685114.0
24.0,30000000.0,180949000.0
393.0,30000000.0,152159461.0
9618.0,55000000.0,63408614.0
9374.0,55000000.0,149022650.0
8584.0,55000000.0,56932305.0
2320.0,55000000.0,121969216.0
58224.0,55000000.0,187361754.0
1729.0,55000000.0,127906624.0
175574.0,55000000.0,110000000.0
8077.0,50000000.0,159773545.0
8818.0,55000000.0,141047179.0
8195.0,55000000.0,41610884.0
10586.0,50000000.0,75000000.0
116149.0,55000000.0,259207227.0
80035.0,68000000.0,68267862.0
10632.0,55000000.0,34234008.0
1792.0,55000000.0,33828318.0
72197.0,60000000.0,118338361.0
3580.0,55000000.0,113020255.0
12123.0,50000000.0,60209334.0
9566.0,55000000.0,18626419.0
9833.0,70000000.0,154648887.0
4517.0,55000000.0,74237563.0
8202.0,62000000.0,52304001.0
16072.0,56000000.0,12923936.0
34314.0,55000000.0,11466088.0
145220.0,50000000.0,80383290.0
14623.0,57000000.0,28283637.0
42297.0,55000000.0,89519773.0
802.0,2000000.0,9250000.0
10375.0,55000000.0,6416302.0
36586.0,54000000.0,155010032.0
11321.0,55000000.0,168167691.0
70074.0,55000000.0,9489829.0
242.0,54000000.0,136766062.0
9621.0,57000000.0,52034889.0
1819.0,54000000.0,130431368.0
8536.0,54000000.0,190458706.0
8046.0,54000000.0,7266209.0
1717.0,55000000.0,9450897.0
479.0,46000000.0,107196498.0
9444.0,53000000.0,139804348.0
824.0,52500000.0,179213434.0
11456.0,75000000.0,54249294.0
261023.0,53000000.0,98837872.0
3683.0,90000000.0,65900249.0
22803.0,53000000.0,126690726.0
285923.0,67000000.0,25037897.0
640.0,52000000.0,352114312.0
97630.0,40000000.0,132820716.0
9767.0,52000000.0,204999686.0
11631.0,52000000.0,609841637.0
32856.0,52000000.0,216485654.0
6519.0,50000000.0,110803676.0
8741.0,52000000.0,98126565.0
49520.0,52000000.0,75450437.0
1850.0,82000000.0,47434430.0
524.0,52000000.0,116112375.0
26389.0,52000000.0,52826594.0
2123.0,51000000.0,149270999.0
9907.0,51000000.0,72779000.0
18239.0,50000000.0,709827462.0
808.0,60000000.0,484409218.0
38050.0,50200000.0,127869379.0
8367.0,48000000.0,390493908.0
9390.0,50000000.0,273552592.0
72105.0,50000000.0,549368315.0
2898.0,50000000.0,314178011.0
10312.0,50000000.0,202292902.0
109443.0,50000000.0,173649015.0
2022.0,50000000.0,171269535.0
37686.0,50000000.0,260095987.0
462.0,52000000.0,256271286.0
9919.0,50000000.0,177371441.0
187017.0,50000000.0,188441614.0
628.0,60000000.0,223664608.0
10201.0,70000000.0,225990978.0
302699.0,50000000.0,216972543.0
274167.0,50000000.0,242786137.0
224141.0,50000000.0,212902372.0
388.0,45000000.0,184376254.0
2112.0,90000000.0,161626121.0
10329.0,50000000.0,152022101.0
74465.0,50000000.0,120081841.0
13811.0,50000000.0,155446362.0
6877.0,50000000.0,88715192.0
10320.0,50000000.0,161451538.0
50646.0,50000000.0,142851197.0
8920.0,50000000.0,200804534.0
60308.0,50000000.0,110206216.0
6950.0,50000000.0,189859560.0
225574.0,50000000.0,222809600.0
13836.0,50000000.0,106303988.0
752.0,54000000.0,132511035.0
6038.0,50000000.0,88323487.0
9975.0,50000000.0,69834815.0
11451.0,50000000.0,66002004.0
12103.0,50000000.0,100020092.0
60304.0,50000000.0,224803475.0
2251.0,50000000.0,119137784.0
46529.0,50000000.0,144492830.0
231.0,50000000.0,94000000.0
300671.0,50000000.0,69411370.0
228326.0,50000000.0,97437106.0
9754.0,45000000.0,82800000.0
66.0,50000000.0,50068310.0
4421.0,50000000.0,48169156.0
2649.0,50000000.0,109423648.0
588.0,50000000.0,97607453.0
71552.0,50000000.0,234989584.0
9631.0,50000000.0,44547681.0
216282.0,50000000.0,160602194.0
306.0,50000000.0,119208989.0
928.0,50000000.0,41482207.0
205587.0,50000000.0,83719388.0
1577.0,45000000.0,129394835.0
9801.0,50000000.0,40203020.0
2116.0,50000000.0,55495563.0
9624.0,50000000.0,49000000.0
14199.0,50000000.0,69425966.0
1907.0,40000000.0,144056873.0
4599.0,50000000.0,49718611.0
22832.0,40000000.0,60462347.0
9879.0,50000000.0,113309743.0
38579.0,50000000.0,83761844.0
44603.0,50000000.0,105197635.0
11892.0,50000000.0,56714147.0
9691.0,50000000.0,30303072.0
1248.0,50000000.0,82169884.0
12220.0,50000000.0,58900031.0
72710.0,44000000.0,63327201.0
10782.0,50000000.0,42792561.0
9573.0,50000000.0,26199517.0
4959.0,50000000.0,60161391.0
10061.0,50000000.0,42277365.0
10386.0,70000000.0,23159305.0
421.0,50000000.0,34808403.0
316152.0,50000000.0,25035950.0
11615.0,50000000.0,38955598.0
241554.0,50000000.0,71561644.0
2252.0,51500000.0,55112356.0
11968.0,50000000.0,44434439.0
10047.0,60000000.0,66976317.0
38319.0,49900000.0,26121638.0
69668.0,50000000.0,38502340.0
9770.0,50000000.0,10541523.0
11212.0,50000000.0,16671505.0
10533.0,50000000.0,10382407.0
38363.0,22000000.0,24188922.0
9923.0,50000000.0,22944502.0
11863.0,50000000.0,9851610.0
18501.0,50000000.0,40828540.0
109491.0,60000000.0,60052138.0
329833.0,50000000.0,55969000.0
12634.0,50000000.0,6808550.0
47327.0,50000000.0,28931401.0
15268.0,50000000.0,12764201.0
10796.0,49000000.0,72700000.0
9548.0,49000000.0,20423389.0
18947.0,50000000.0,36348784.0
1900.0,48000000.0,207515725.0
89.0,48000000.0,474171806.0
198184.0,49000000.0,104399548.0
9481.0,73000000.0,151493655.0
4547.0,48000000.0,196397415.0
6415.0,75000000.0,108000000.0
181283.0,50000000.0,3324330.0
9896.0,48000000.0,85498534.0
167.0,48000000.0,50315140.0
1636.0,48000000.0,90383208.0
2148.0,58000000.0,25928721.0
5176.0,55000000.0,70016220.0
260346.0,48000000.0,325771424.0
1389.0,48000000.0,77745568.0
9894.0,47000000.0,102825796.0
8592.0,47000000.0,103738726.0
913.0,48000000.0,124305181.0
11091.0,48000000.0,35743308.0
1368.0,15000000.0,125212904.0
5393.0,47000000.0,38085778.0
9095.0,47000000.0,12379402.0
8874.0,38000000.0,299288605.0
320.0,46000000.0,113714830.0
199.0,46000000.0,150000000.0
20533.0,47000000.0,10539000.0
10684.0,46000000.0,100860818.0
1624.0,45000000.0,181000000.0
325789.0,25000000.0,15436808.0
113464.0,46000000.0,5200000.0
888.0,46000000.0,341631208.0
82675.0,45000000.0,376141306.0
4256.0,48000000.0,220673217.0
1493.0,45000000.0,212000000.0
88751.0,45000000.0,101702060.0
11130.0,40000000.0,95149435.0
9944.0,45000000.0,195268056.0
10731.0,45000000.0,117615211.0
7350.0,45000000.0,175372502.0
9869.0,45000000.0,178051587.0
4379.0,43000000.0,154749918.0
146233.0,46000000.0,122126687.0
2034.0,45000000.0,104876233.0
926.0,45000000.0,90683916.0
4248.0,45000000.0,141220678.0
64328.0,45000000.0,165184237.0
36647.0,45000000.0,131183530.0
7214.0,30000000.0,76669806.0
1537.0,45000000.0,94935764.0
9360.0,45000000.0,136885767.0
6282.0,45000000.0,113916474.0
508.0,40000000.0,244931766.0
9487.0,120000000.0,363258859.0
768.0,35000000.0,74558115.0
2636.0,45000000.0,170362582.0
10478.0,45000000.0,53854588.0
9981.0,45000000.0,56070433.0
7453.0,50000000.0,104478416.0
7737.0,45000000.0,148412065.0
232672.0,40000000.0,123494610.0
17379.0,45000000.0,38399961.0
82525.0,45000000.0,82966152.0
9759.0,25000000.0,56422687.0
9486.0,40000000.0,160583018.0
9906.0,50000000.0,55181129.0
841.0,40000000.0,30925690.0
4148.0,35000000.0,75225693.0
2207.0,55000000.0,65664721.0
9381.0,70000000.0,72108608.0
20856.0,45000000.0,57881056.0
5955.0,35000000.0,29400000.0
9899.0,45000000.0,38058335.0
9826.0,45000000.0,17300889.0
10858.0,44000000.0,13681765.0
11439.0,45000000.0,60222298.0
9457.0,45000000.0,11203026.0
12412.0,45000000.0,9323833.0
13184.0,45000000.0,42487390.0
2185.0,40000000.0,8493890.0
6639.0,45000000.0,4607608.0
38153.0,45000000.0,2154540.0
58233.0,45000000.0,160078586.0
116977.0,65000000.0,73706.0
68734.0,44500000.0,232324128.0
5503.0,44000000.0,368875760.0
27573.0,40000000.0,136000000.0
819.0,44000000.0,165615285.0
1369.0,44000000.0,300400432.0
10895.0,2600000.0,84300000.0
10935.0,44000000.0,3484331.0
834.0,50000000.0,111340801.0
228066.0,40000000.0,34227298.0
711.0,43000000.0,80049764.0
10027.0,45000000.0,50871113.0
11812.0,43000000.0,68696770.0
37233.0,42000000.0,270248367.0
37950.0,44000000.0,48190704.0
27582.0,40000000.0,51070807.0
64688.0,42000000.0,201585328.0
509.0,42000000.0,363889678.0
7443.0,45000000.0,224834564.0
5966.0,42000000.0,171963386.0
11066.0,40000000.0,70100000.0
136795.0,43000000.0,158674180.0
8095.0,31115000.0,71000000.0
11560.0,42000000.0,63781810.0
2637.0,32000000.0,55157539.0
709.0,32000000.0,156167015.0
49730.0,42000000.0,89162162.0
2749.0,60000000.0,56359980.0
9607.0,48000000.0,20915465.0
1830.0,42000000.0,24127895.0
79.0,31000000.0,177394432.0
54054.0,40000000.0,36893721.0
228967.0,44000000.0,12342632.0
46528.0,42000000.0,11087569.0
27936.0,33000000.0,14000000.0
65.0,41000000.0,215000000.0
9476.0,65000000.0,117487473.0
745.0,40000000.0,672806292.0
49527.0,42000000.0,46221189.0
73937.0,41000000.0,7448385.0
1885.0,8000000.0,90815558.0
168672.0,40000000.0,251171807.0
18240.0,40000000.0,317375031.0
10398.0,70000000.0,177841558.0
165.0,40000000.0,332000000.0
240832.0,40000000.0,126546825.0
216015.0,40000000.0,571006128.0
12279.0,38000000.0,197011982.0
1645.0,40000000.0,152266007.0
11007.0,40000000.0,190212113.0
193756.0,40000000.0,149295601.0
11287.0,40000000.0,107458785.0
259693.0,40000000.0,320170008.0
37799.0,40000000.0,224920315.0
10184.0,40000000.0,177259441.0
4257.0,45000000.0,178262620.0
4234.0,40000000.0,161834276.0
196.0,40000000.0,244527583.0
257091.0,40000000.0,111811453.0
6114.0,40000000.0,215862692.0
24803.0,40000000.0,129540499.0
109410.0,40000000.0,95020213.0
1213.0,40000000.0,128798265.0
100042.0,40000000.0,169837010.0
9036.0,40000000.0,120455994.0
257211.0,35000000.0,194564672.0
323675.0,40000000.0,124827316.0
9361.0,40000000.0,75505856.0
1677.0,40000000.0,124731534.0
187.0,40000000.0,158733820.0
7461.0,40000000.0,151161491.0
16538.0,41000000.0,91636986.0
9889.0,40000000.0,141069860.0
820.0,40000000.0,205405498.0
11565.0,40000000.0,138259062.0
6073.0,57000000.0,147845033.0
16996.0,20000000.0,136267476.0
193610.0,40000000.0,196781193.0
19912.0,40000000.0,186167139.0
296098.0,40000000.0,165478348.0
8007.0,40000000.0,91753202.0
32823.0,40000000.0,90029656.0
4380.0,50000000.0,170128460.0
11551.0,40000000.0,54682547.0
10336.0,40000000.0,87840042.0
11362.0,35000000.0,75395048.0
50348.0,40000000.0,85412898.0
48138.0,30000000.0,130786397.0
1124.0,40000000.0,109676311.0
227159.0,42000000.0,107670357.0
68179.0,40000000.0,74597643.0
1579.0,40000000.0,120175290.0
708.0,40000000.0,191185897.0
34851.0,40000000.0,126248813.0
1586.0,40000000.0,92913171.0
2044.0,40000000.0,114830111.0
9913.0,43000000.0,91974818.0
10761.0,40000000.0,84601681.0
209451.0,40000000.0,67347013.0
11975.0,40000000.0,45916769.0
4970.0,40000000.0,141591324.0
11831.0,36000000.0,74000000.0
440.0,40000000.0,41797066.0
11172.0,40000000.0,145896422.0
39513.0,40000000.0,97552050.0
82687.0,40000000.0,41863726.0
41446.0,40000000.0,97138686.0
8224.0,40000000.0,96618699.0
10537.0,38000000.0,34416893.0
225886.0,40000000.0,126069509.0
10385.0,40000000.0,36037909.0
55779.0,47000000.0,157887643.0
10647.0,40000000.0,55707411.0
11431.0,30000000.0,50451307.0
8850.0,25000000.0,48063435.0
64685.0,40000000.0,55247881.0
38357.0,40000000.0,58785180.0
10060.0,40000000.0,46442528.0
11398.0,40000000.0,30199105.0
1833.0,40000000.0,31670620.0
8970.0,75000000.0,29000000.0
9306.0,40000000.0,49627779.0
11370.0,40000000.0,27053815.0
1921.0,40000000.0,65754228.0
1683.0,40000000.0,62771059.0
203.0,500000.0,3000000.0
11858.0,40000000.0,24332324.0
62835.0,40000000.0,60965854.0
18937.0,40000000.0,38172500.0
13536.0,40000000.0,22433915.0
10718.0,40000000.0,46546197.0
10802.0,45000000.0,20350754.0
1887.0,40000000.0,60474340.0
10461.0,63600000.0,19412993.0
80278.0,42000000.0,180274123.0
12704.0,55000000.0,14375181.0
10315.0,40000000.0,46471023.0
16643.0,40000000.0,16872671.0
2687.0,40000000.0,14358033.0
194.0,10000000.0,173921954.0
8849.0,60000000.0,13395939.0
78698.0,40000000.0,24719215.0
30943.0,38000000.0,28121100.0
9544.0,40000000.0,18902015.0
24418.0,40000000.0,28169671.0
7288.0,40000000.0,19322135.0
10366.0,45000000.0,10667893.0
19898.0,33000000.0,20645327.0
15074.0,40000000.0,10959475.0
1272.0,50000000.0,32017803.0
72358.0,40000000.0,22044277.0
266396.0,40000000.0,13644292.0
9978.0,40000000.0,23937870.0
8271.0,20000000.0,117760134.0
10428.0,20000000.0,7563728.0
110415.0,39200000.0,86758912.0
9495.0,15000000.0,94000000.0
256040.0,40000000.0,100000000.0
24420.0,39000000.0,101229792.0
62214.0,39000000.0,35287788.0
16320.0,39000000.0,38869464.0
8842.0,39000000.0,6614280.0
9531.0,39000000.0,75850624.0
64807.0,40000000.0,44907260.0
12289.0,80341000.0,127814609.0
11529.0,30000000.0,180622424.0
20943.0,38000000.0,205298907.0
9488.0,38000000.0,119723358.0
193.0,38000000.0,120000000.0
44865.0,3860000.0,64076736.0
55787.0,38000000.0,114156230.0
10400.0,50000000.0,73956241.0
1957.0,38000000.0,51801187.0
256961.0,38000000.0,107597242.0
5852.0,53000000.0,29700000.0
622.0,38000000.0,58401898.0
11306.0,38000000.0,17380126.0
12508.0,57000000.0,16991902.0
25793.0,10000000.0,47536959.0
10534.0,38000000.0,10300000.0
1091.0,15000000.0,19629760.0
87421.0,38000000.0,98337295.0
10871.0,37000000.0,6482195.0
13600.0,55000000.0,17869048.0
68722.0,32000000.0,28258060.0
14324.0,38000000.0,5410749.0
14325.0,40000000.0,9793496.0
299687.0,38000000.0,109906372.0
312221.0,37000000.0,173567581.0
23168.0,37000000.0,154026136.0
76494.0,40000000.0,79700000.0
4944.0,37000000.0,163720069.0
10488.0,37000000.0,100076342.0
96721.0,38000000.0,90247624.0
334.0,37000000.0,48451803.0
23742.0,30000000.0,55583804.0
259694.0,38000000.0,112343513.0
62837.0,37000000.0,95404397.0
8966.0,37000000.0,392616625.0
8470.0,36000000.0,102244770.0
11001.0,65000000.0,117758500.0
138832.0,37000000.0,269994119.0
16911.0,36500000.0,21834845.0
2163.0,36000000.0,50159144.0
36670.0,36000000.0,160000000.0
23048.0,36000000.0,64572262.0
227735.0,36000000.0,52424533.0
2155.0,42000000.0,32168970.0
8409.0,36000000.0,44350926.0
222936.0,37000000.0,26250020.0
48171.0,37000000.0,96047633.0
782.0,36000000.0,12532777.0
75531.0,36000000.0,3003296.0
11802.0,37000000.0,63800345.0
18785.0,35000000.0,459270619.0
365222.0,36000000.0,156844753.0
817.0,33000000.0,310940086.0
268.0,35000000.0,411348924.0
943.0,35000000.0,321731527.0
22881.0,29000000.0,309208309.0
10054.0,35000000.0,147934180.0
51540.0,35000000.0,117000000.0
44264.0,38000000.0,252276927.0
350.0,35000000.0,326551094.0
152.0,35000000.0,139000000.0
109431.0,35000000.0,173965010.0
1598.0,35000000.0,182300000.0
8065.0,35000000.0,69823199.0
271718.0,35000000.0,140795793.0
11638.0,35000000.0,68915888.0
409.0,27000000.0,231976425.0
2118.0,35000000.0,126216940.0
11459.0,35000000.0,86369815.0
9348.0,35000000.0,113374103.0
377.0,1800000.0,25504513.0
8843.0,33000000.0,104155843.0
39486.0,35000000.0,60251371.0
1273.0,34000000.0,95608995.0
13920.0,32000000.0,52277485.0
50544.0,35000000.0,150483765.0
325133.0,35000000.0,108758521.0
140823.0,35000000.0,112544580.0
1883.0,34000000.0,48169908.0
89492.0,35000000.0,88058786.0
22949.0,35000000.0,92219310.0
12437.0,35000000.0,91353501.0
2959.0,35000000.0,69307224.0
11648.0,30000000.0,58405313.0
9366.0,35000000.0,41954997.0
1576.0,33000000.0,102984862.0
609.0,10700000.0,122200000.0
13051.0,35000000.0,85416905.0
49530.0,40000000.0,173930596.0
34806.0,35000000.0,77477008.0
49022.0,35000000.0,59901913.0
23479.0,35000000.0,35323292.0
11667.0,35000000.0,99423521.0
423.0,35000000.0,120072577.0
10066.0,40000000.0,68766121.0
2288.0,27000000.0,115505027.0
88794.0,35000000.0,84606030.0
13515.0,35000000.0,72436439.0
11979.0,35000000.0,45479110.0
169.0,35000000.0,57120318.0
8090.0,35000000.0,32483410.0
11622.0,35000000.0,40263020.0
3604.0,35000000.0,27107960.0
9541.0,35000000.0,36098382.0
94348.0,45000000.0,30353232.0
8197.0,35000000.0,25105255.0
336004.0,8900000.0,4100000.0
35019.0,35000000.0,93246388.0
8836.0,30000000.0,68369434.0
14442.0,31000000.0,27388767.0
321741.0,35000000.0,50363790.0
59965.0,35000000.0,82087155.0
14175.0,35000000.0,19478106.0
11918.0,35000000.0,25871834.0
98357.0,56000000.0,19701164.0
10012.0,35000000.0,19294901.0
49526.0,35000000.0,31083599.0
268920.0,35000000.0,51680201.0
9093.0,35000000.0,29882645.0
119283.0,35000000.0,46216641.0
11823.0,31000000.0,41512007.0
35169.0,35000000.0,39340177.0
849.0,27000000.0,16519460.0
4515.0,35000000.0,63215872.0
6575.0,35000000.0,18317151.0
13496.0,35000000.0,13678913.0
18320.0,35000000.0,27409889.0
22787.0,40000000.0,12206028.0
8967.0,32000000.0,54674226.0
144336.0,35000000.0,17508518.0
9616.0,35000000.0,11560806.0
13056.0,20500000.0,10089373.0
14113.0,35000000.0,12506188.0
285783.0,35000000.0,61181942.0
9726.0,35000000.0,42064105.0
20763.0,35000000.0,4651977.0
9280.0,35000000.0,16838910.0
11876.0,35000000.0,15000000.0
22267.0,38000000.0,635096.0
1969.0,35000000.0,10496317.0
198663.0,34000000.0,348319861.0
239573.0,35000000.0,14431253.0
10436.0,34000000.0,32255440.0
1381.0,35000000.0,15304890.0
2162.0,70000000.0,11263966.0
127493.0,35000000.0,2106557.0
12429.0,41677699.0,187479518.0
228205.0,34000000.0,63013281.0
2900.0,75000000.0,19598588.0
192136.0,35000000.0,27330000.0
18254.0,32000000.0,40382659.0
881.0,40000000.0,243240178.0
10877.0,50000000.0,79958599.0
9600.0,30000000.0,173959438.0
71469.0,30000000.0,64626786.0
85446.0,33000000.0,140470746.0
326.0,33000000.0,62022014.0
7220.0,33000000.0,54700105.0
9763.0,30000000.0,27610873.0
72387.0,30000000.0,40346186.0
1892.0,32350000.0,572700000.0
13460.0,30000000.0,22211426.0
8055.0,32000000.0,113019290.0
50647.0,35000000.0,24159934.0
10719.0,32000000.0,173398518.0
9294.0,32000000.0,152036382.0
9353.0,32000000.0,80197993.0
55721.0,32500000.0,288383523.0
109414.0,32000000.0,126041322.0
10307.0,29000000.0,50041732.0
11978.0,32000000.0,48814909.0
22907.0,32000000.0,69055695.0
87567.0,35000000.0,21819348.0
38322.0,32000000.0,83615414.0
45612.0,32000000.0,147332697.0
7305.0,32000000.0,36733909.0
3594.0,30000000.0,77566815.0
157841.0,33000000.0,9494789.0
11519.0,35000000.0,31755742.0
59.0,32000000.0,60740827.0
9335.0,32000000.0,85167639.0
12106.0,32000000.0,18552460.0
11141.0,28000000.0,30016165.0
31867.0,32000000.0,18409891.0
10253.0,70000000.0,53587404.0
124459.0,30000000.0,27437881.0
24662.0,32000000.0,3566637.0
182.0,32000000.0,5914908.0
28.0,31500000.0,89460381.0
38073.0,32000000.0,42045846.0
302156.0,31500000.0,14708696.0
606.0,31000000.0,128499205.0
87502.0,31000000.0,161772375.0
698.0,34000000.0,210308099.0
120467.0,30000000.0,174600318.0
11313.0,31000000.0,24185781.0
6488.0,31000000.0,53208180.0
10559.0,31000000.0,68106245.0
296099.0,31000000.0,104384188.0
8012.0,30250000.0,115101622.0
1574.0,45000000.0,306776732.0
9032.0,34200000.0,234801895.0
2770.0,30000000.0,287553595.0
862.0,30000000.0,373554033.0
1637.0,30000000.0,350448145.0
72570.0,30000000.0,196114570.0
27569.0,31000000.0,15134293.0
10637.0,30000000.0,136706683.0
1669.0,30000000.0,199200000.0
132363.0,25000000.0,115922175.0
9472.0,20000000.0,167722310.0
2907.0,30000000.0,191502426.0
9273.0,30000000.0,212385533.0
9880.0,37000000.0,165335153.0
2925.0,26000000.0,116400000.0
807.0,33000000.0,327311859.0
17654.0,30000000.0,210819611.0
11836.0,30000000.0,140161792.0
322.0,25000000.0,156822020.0
70.0,30000000.0,216763646.0
9535.0,80000000.0,176885658.0
11036.0,29000000.0,115603229.0
6557.0,30000000.0,160259319.0
18126.0,35000000.0,155545279.0
16340.0,30.0,103.0
10333.0,30000000.0,74787599.0
4476.0,30000000.0,160638883.0
22947.0,25000000.0,163670000.0
2755.0,30000000.0,105834556.0
82654.0,35000000.0,116980662.0
59967.0,30000000.0,47042000.0
9598.0,30000000.0,254134910.0
82696.0,30000000.0,114281051.0
9870.0,30000000.0,105173115.0
8292.0,45000000.0,92374674.0
8780.0,30000000.0,63833449.0
10521.0,30000000.0,114663461.0
10762.0,19000000.0,69631118.0
10096.0,37000000.0,96455697.0
59436.0,30000000.0,151119219.0
4133.0,53000000.0,83282296.0
10207.0,80000000.0,118880016.0
172.0,30000000.0,70200000.0
36593.0,30000000.0,51132598.0
707.0,30000000.0,152427960.0
533.0,30000000.0,192452832.0
6023.0,30000000.0,156835339.0
6439.0,30000000.0,93772522.0
4347.0,30000000.0,129266061.0
4105.0,30000000.0,45892212.0
76489.0,30000000.0,54819301.0
3933.0,40000000.0,117195061.0
273481.0,30000000.0,84025816.0
307081.0,30000000.0,91709827.0
16871.0,30000000.0,90810892.0
293863.0,25000000.0,65663276.0
41233.0,30000000.0,159291809.0
9266.0,25000000.0,51842679.0
1262.0,30000000.0,53653224.0
4513.0,30000000.0,75505973.0
22970.0,30000000.0,66486080.0
7278.0,30000000.0,84646831.0
9013.0,30000000.0,38413606.0
865.0,27000000.0,38122105.0
10776.0,25000000.0,38748395.0
50456.0,30000000.0,63782078.0
9823.0,30000000.0,51376861.0
59861.0,30000000.0,36160375.0
133805.0,30000000.0,82394288.0
12763.0,30000000.0,34742066.0
9766.0,30000000.0,41480851.0
12244.0,30000000.0,48428063.0
109421.0,30000000.0,63372757.0
51162.0,30000000.0,14460000.0
10152.0,19000000.0,39267515.0
9452.0,30000000.0,29202884.0
9271.0,30000000.0,24048000.0
48340.0,30000000.0,108609310.0
14846.0,35000000.0,22034832.0
72207.0,30000000.0,53909751.0
16232.0,30000000.0,21800302.0
43539.0,30000000.0,51148651.0
9920.0,30000000.0,31070211.0
8978.0,30000000.0,35294470.0
11702.0,30000000.0,19204929.0
18550.0,25000000.0,17193231.0
43347.0,30000000.0,102820008.0
3489.0,30000000.0,16930884.0
9701.0,35000000.0,25224242.0
2122.0,40000000.0,26155781.0
10658.0,37000000.0,37962774.0
13150.0,30000000.0,31148328.0
9042.0,30000000.0,15007991.0
17813.0,30000000.0,15368897.0
11208.0,30000000.0,13001257.0
58151.0,17000000.0,24922237.0
11400.0,30000000.0,30536013.0
11058.0,25000000.0,30114487.0
14844.0,23000000.0,12.0
57089.0,30000000.0,13521829.0
1947.0,30000000.0,18618284.0
8054.0,30000000.0,64352607.0
46829.0,30000000.0,8454301.0
146238.0,30000000.0,62616646.0
9989.0,30000000.0,18195610.0
9665.0,18000000.0,26828365.0
13967.0,30000000.0,35078241.0
9053.0,21000000.0,480314.0
4512.0,30000000.0,14711793.0
76349.0,30000000.0,108348.0
45610.0,30000000.0,2527904.0
223702.0,19000000.0,140752617.0
254470.0,29000000.0,287506194.0
69.0,28000000.0,186438883.0
4967.0,30000000.0,37036004.0
4912.0,30000000.0,33013805.0
12771.0,29000000.0,16930185.0
323676.0,29000000.0,78636257.0
11249.0,12000000.0,24829644.0
9667.0,29000000.0,21126225.0
812.0,28000000.0,504050219.0
277216.0,28000000.0,201634991.0
87.0,28000000.0,333000000.0
14444.0,30000000.0,100491683.0
2043.0,60000000.0,105178561.0
315664.0,29000000.0,48902953.0
1428.0,29000000.0,98185582.0
562.0,28000000.0,140767956.0
15373.0,28000000.0,92380927.0
318846.0,28000000.0,133346506.0
14292.0,28000000.0,64445708.0
924.0,28000000.0,102356381.0
2018.0,35000000.0,94728529.0
192577.0,30000000.0,17137302.0
9428.0,21000000.0,71441250.0
2832.0,30000000.0,90259536.0
137093.0,28000000.0,134402450.0
699.0,28000000.0,195312802.0
9778.0,28000000.0,77516304.0
8831.0,27000000.0,101646581.0
9398.0,28000000.0,60780981.0
112949.0,28000000.0,97594140.0
10439.0,28000000.0,39514713.0
3638.0,28000000.0,92601050.0
23483.0,28000000.0,96188903.0
62206.0,28000000.0,40547440.0
10577.0,28000000.0,33000337.0
218778.0,28000000.0,100654149.0
4348.0,28000000.0,121147947.0
78.0,28000000.0,33139618.0
11780.0,28000000.0,31596911.0
192102.0,28000000.0,52597999.0
2001.0,21000000.0,54926886.0
11516.0,35866397.0,20217080.0
10025.0,28000000.0,38159905.0
15198.0,28000000.0,8888143.0
23172.0,28000000.0,45236543.0
17834.0,28000000.0,8345056.0
10016.0,28000000.0,14010832.0
10317.0,28000000.0,7002261.0
58431.0,28000000.0,16374328.0
9746.0,28000000.0,5684789.0
13092.0,27000000.0,17286299.0
59859.0,28000000.0,60700000.0
13495.0,24000000.0,23321954.0
254473.0,28000000.0,68896829.0
700.0,27500000.0,187500000.0
4964.0,30000000.0,219076518.0
10024.0,30000000.0,95714875.0
13490.0,35000000.0,43650785.0
15927.0,8000000.0,27187653.0
1259.0,15000000.0,49469904.0
5125.0,27500000.0,24748670.0
174.0,27000000.0,96900000.0
9437.0,27000000.0,60527873.0
525.0,27000000.0,115229890.0
10188.0,27000000.0,44352417.0
245.0,27000000.0,129000000.0
9825.0,27000000.0,56870414.0
186.0,27000000.0,56308881.0
9549.0,27000000.0,21500000.0
61891.0,30000000.0,15395087.0
34584.0,27000000.0,20158808.0
2666.0,27000000.0,27200316.0
13155.0,25000000.0,11137801.0
42807.0,27000000.0,76000000.0
28355.0,27000000.0,29000000.0
8080.0,27000000.0,13000000.0
56288.0,27000000.0,85564310.0
303858.0,27000000.0,93282604.0
1613.0,28.0,14.0
16617.0,27000000.0,21148829.0
8944.0,25000000.0,6673422.0
14560.0,26000000.0,183293131.0
10330.0,26000000.0,110230332.0
6957.0,26000000.0,109449237.0
1934.0,25000000.0,289317794.0
169917.0,28000000.0,53181600.0
951.0,15000000.0,201957688.0
10189.0,27000000.0,101624843.0
9454.0,26000000.0,65705772.0
2055.0,22000000.0,68296293.0
1551.0,26000000.0,61489265.0
5902.0,22000000.0,50750000.0
11460.0,26000000.0,57891803.0
9358.0,26000000.0,90426405.0
134.0,26000000.0,71868327.0
22894.0,26000000.0,67918658.0
134374.0,25000000.0,86175291.0
15028.0,26000000.0,38793283.0
7445.0,26000000.0,43318349.0
17047.0,26000000.0,28818995.0
62838.0,56000000.0,142044638.0
2057.0,42000000.0,35402320.0
70436.0,26000000.0,29657751.0
16784.0,30000000.0,14000000.0
8011.0,26000000.0,36800000.0
36355.0,25530000.0,20080020.0
238615.0,26000000.0,30523226.0
1985.0,25000000.0,82466670.0
615.0,30000000.0,611899420.0
788.0,25000000.0,441286195.0
380.0,25000000.0,412800000.0
13223.0,33000000.0,269958228.0
10523.0,25100000.0,29506464.0
8681.0,25000000.0,226830568.0
239571.0,26000000.0,35926213.0
619.0,25000000.0,411006740.0
424.0,22000000.0,321365567.0
50014.0,25000000.0,124272124.0
162903.0,28000000.0,8555008.0
6466.0,30000000.0,114908830.0
12589.0,25000000.0,80936232.0
7191.0,25000000.0,170764026.0
1497.0,25000000.0,78000000.0
117.0,25000000.0,76270454.0
6977.0,25000000.0,171600000.0
168530.0,25000000.0,153997819.0
634.0,25000000.0,281929795.0
392.0,25000000.0,152500343.0
10327.0,45000000.0,124914842.0
88042.0,25000000.0,119772232.0
41630.0,25000000.0,147780440.0
11969.0,25000000.0,56505065.0
2085.0,25000000.0,91036760.0
794.0,2800000.0,60922980.0
9286.0,25000000.0,117719158.0
77877.0,25000000.0,99357138.0
1265.0,60000000.0,137587063.0
866.0,25000000.0,116766556.0
75174.0,25000000.0,77278331.0
11096.0,25000000.0,122644820.0
8699.0,26000000.0,90574188.0
769.0,25000000.0,46836394.0
10923.0,28000000.0,58795814.0
11283.0,25000000.0,122489822.0
111.0,25000000.0,65884703.0
746.0,23000000.0,43984230.0
77866.0,25000000.0,63100000.0
7345.0,25000000.0,77208711.0
12277.0,25000000.0,41604473.0
9779.0,25000000.0,39053061.0
2140.0,25000000.0,64437847.0
12620.0,25000000.0,70442940.0
14177.0,25000000.0,36351350.0
198185.0,25000000.0,38307627.0
227156.0,25000000.0,66980456.0
11351.0,17000000.0,63102666.0
10030.0,25000000.0,59192128.0
10623.0,25000000.0,56489558.0
590.0,25000000.0,41597830.0
9655.0,20000000.0,33889159.0
1268.0,25000000.0,229736344.0
11237.0,20000000.0,70992898.0
190955.0,25500000.0,2415472.0
5123.0,25000000.0,66122026.0
4518.0,30000000.0,82150642.0
11932.0,25000000.0,50671850.0
11165.0,25485000.0,29548291.0
6116.0,25000000.0,100000000.0
57431.0,25000000.0,34942188.0
278.0,25000000.0,28341469.0
9290.0,21150000.0,39438674.0
11543.0,27000000.0,25023434.0
284536.0,25000000.0,39171130.0
152737.0,25000000.0,74188937.0
13374.0,25000000.0,27645491.0
8976.0,30000000.0,42886719.0
319888.0,23000000.0,46152800.0
9469.0,25000000.0,21567853.0
1909.0,25000000.0,22200000.0
22971.0,25000000.0,114977104.0
34813.0,25000000.0,23580000.0
46261.0,25000000.0,36993168.0
10431.0,25000000.0,40452643.0
8051.0,25000000.0,17000000.0
9352.0,25000000.0,20796847.0
15487.0,25000000.0,15431177.0
22825.0,30000000.0,33333531.0
1831.0,25000000.0,24362772.0
43931.0,25000000.0,19829957.0
10591.0,25000000.0,30411183.0
10861.0,25000000.0,51702483.0
276907.0,25000000.0,42972994.0
65055.0,28000000.0,10126458.0
10397.0,25.0,13.0
200505.0,25000000.0,28831145.0
60309.0,25000000.0,15478800.0
9787.0,25000000.0,13411957.0
293646.0,25000000.0,24902723.0
6978.0,25000000.0,11000000.0
59440.0,25000000.0,23057115.0
1770.0,28000000.0,16900000.0
8988.0,25000000.0,11207130.0
15992.0,25000000.0,10719357.0
17707.0,25000000.0,13000000.0
77883.0,14000000.0,85446075.0
40001.0,25000000.0,10070000.0
64639.0,25000000.0,10324441.0
9903.0,25000000.0,11772461.0
20766.0,32000000.0,27635305.0
24264.0,25000000.0,5778353.0
9067.0,25000000.0,4064495.0
8338.0,25000000.0,19844979.0
168705.0,25000000.0,2405420.0
72113.0,25000000.0,27603069.0
22256.0,25000000.0,777423.0
12404.0,25000000.0,2336172.0
152742.0,13500000.0,19255873.0
11699.0,25000000.0,10589102.0
48034.0,25000000.0,48531470.0
36696.0,25000000.0,6500000.0
109091.0,25000000.0,71009334.0
33157.0,25000000.0,3052000.0
859.0,14000000.0,34670720.0
83770.0,25000000.0,8784318.0
168.0,24000000.0,133000000.0
1246.0,24000000.0,155721132.0
4233.0,24000000.0,172363301.0
174751.0,25000000.0,1397284.0
184098.0,24000000.0,70181428.0
2069.0,41300000.0,106371651.0
1788.0,8200000.0,80035402.0
11635.0,24000000.0,87055349.0
177.0,24000000.0,41895491.0
3600.0,65000000.0,40002112.0
2621.0,24000000.0,36609995.0
10358.0,24000000.0,42105111.0
10313.0,24000000.0,68729358.0
13476.0,17000000.0,16980098.0
10208.0,24000000.0,16290976.0
24961.0,24000000.0,21049053.0
20697.0,24000000.0,12372410.0
20761.0,24000000.0,8434146.0
70868.0,24000000.0,30551495.0
43593.0,24000000.0,83188165.0
40688.0,24000000.0,4562146.0
26672.0,28000000.0,669276.0
41283.0,24000000.0,23081726.0
4935.0,24000000.0,234710455.0
19908.0,23600000.0,102391382.0
10663.0,23000000.0,185991646.0
1891.0,18000000.0,538400000.0
9737.0,19000000.0,141407024.0
37137.0,23000000.0,86930411.0
9532.0,23000000.0,53302314.0
10316.0,12500000.0,75993061.0
2787.0,23000000.0,53187659.0
152601.0,23000000.0,47351251.0
10866.0,23000000.0,36642838.0
227707.0,25000000.0,6399.0
21349.0,23000000.0,18653615.0
70435.0,23000000.0,33372606.0
580.0,23000000.0,51881013.0
20024.0,23000000.0,10827816.0
2453.0,23000000.0,7434726.0
6973.0,23000000.0,29541790.0
22215.0,23000000.0,9366227.0
11632.0,23000000.0,16123851.0
30596.0,23000000.0,5837674.0
3021.0,25000000.0,94679598.0
957.0,22700000.0,38119483.0
256917.0,22500000.0,15520023.0
251.0,22000000.0,505000000.0
544.0,23000000.0,369884651.0
11395.0,22000000.0,189833357.0
14635.0,20000000.0,75597042.0
13680.0,22000000.0,147880543.0
688.0,24000000.0,182016617.0
11090.0,22000000.0,84772742.0
783.0,22000000.0,77737889.0
228194.0,22000000.0,88880821.0
1642.0,22000000.0,110627965.0
10950.0,22000000.0,92542418.0
235260.0,22000000.0,67800064.0
277.0,22000000.0,95708457.0
8999.0,22000000.0,57479076.0
11323.0,22000000.0,35424826.0
11453.0,22000000.0,22400154.0
146239.0,26000000.0,51164106.0
10878.0,22000000.0,19351569.0
82650.0,22000000.0,77112176.0
2294.0,22000000.0,33788161.0
2176.0,30000000.0,23619609.0
270487.0,22000000.0,63647656.0
204082.0,22000000.0,43058898.0
24100.0,22000000.0,13555988.0
5550.0,22000000.0,10696210.0
287948.0,25000000.0,72629670.0
9075.0,21000000.0,26193068.0
11661.0,22000000.0,17709155.0
109513.0,2000000.0,14400000.0
204922.0,22000000.0,15447154.0
38985.0,22000000.0,12000000.0
44113.0,22000000.0,9479718.0
164457.0,22000000.0,15400000.0
4566.0,25000000.0,92991835.0
153158.0,22000000.0,24000000.0
81836.0,17000000.0,73244881.0
10724.0,18000000.0,70687344.0
2196.0,9000000.0,46.0
1499.0,21000000.0,42000000.0
20857.0,32000000.0,40222729.0
82693.0,21000000.0,205738714.0
1646.0,21000000.0,41170784.0
4108.0,21000000.0,43928932.0
8456.0,20000000.0,41627431.0
7341.0,21000000.0,17762705.0
19255.0,17000000.0,14899417.0
10187.0,21000000.0,17600000.0
31005.0,21000000.0,10011050.0
50780.0,21000000.0,970816.0
16363.0,35000000.0,69701637.0
1946.0,15000000.0,2856712.0
85.0,18000000.0,389925971.0
772.0,18000000.0,358991681.0
840.0,20000000.0,303788635.0
9682.0,38000000.0,29907685.0
96.0,20000000.0,299965036.0
10678.0,20000000.0,132675402.0
274.0,19000000.0,272742922.0
8872.0,20000000.0,121697323.0
16290.0,20000000.0,117224271.0
579.0,20000000.0,187884007.0
14405.0,20000000.0,149281606.0
138843.0,13000000.0,318000141.0
11637.0,32000000.0,97918663.0
226486.0,20000000.0,100525432.0
1584.0,35000000.0,131282949.0
9312.0,18000000.0,122195920.0
12153.0,37000000.0,113086475.0
65057.0,20000000.0,177243185.0
76203.0,20000000.0,187000000.0
13497.0,20000000.0,57588485.0
35688.0,20000000.0,60072596.0
162.0,20000000.0,53000000.0
296096.0,20000000.0,207945075.0
1051.0,1800000.0,41158757.0
376659.0,20000000.0,183936074.0
10073.0,20000000.0,48548426.0
16690.0,20000000.0,109862682.0
273895.0,20000000.0,66787908.0
14873.0,20000000.0,135680000.0
8968.0,20000000.0,67192859.0
9963.0,20000000.0,84146832.0
15655.0,30000000.0,45554533.0
21208.0,20000000.0,41596251.0
272878.0,20000000.0,43967255.0
9760.0,20000000.0,86865564.0
314365.0,20000000.0,88346473.0
13279.0,20000000.0,27640028.0
1975.0,20000000.0,39143839.0
33644.0,20000000.0,37672350.0
9895.0,20000000.0,41237648.0
9570.0,20000000.0,35841901.0
27579.0,20000000.0,65464324.0
16052.0,20000000.0,60000000.0
40264.0,20000000.0,80547866.0
1164.0,25000000.0,135330182.0
239678.0,19800000.0,41296320.0
14359.0,20000000.0,50907234.0
3989.0,32000000.0,50907422.0
76617.0,20000000.0,47241945.0
4258.0,20000000.0,78378744.0
20391.0,20000000.0,31678778.0
10139.0,20000000.0,54586584.0
335778.0,20000000.0,46069568.0
9645.0,35000000.0,68349884.0
55465.0,19000000.0,35387212.0
617.0,20000000.0,67200000.0
48289.0,20000000.0,45636368.0
243.0,30000000.0,47126295.0
8848.0,20000000.0,64822796.0
38.0,20000000.0,72258126.0
38303.0,20000000.0,32005248.0
1266.0,20000000.0,65569869.0
107985.0,20000000.0,46089287.0
19901.0,20000000.0,51416464.0
34016.0,20000000.0,49779728.0
59860.0,20000000.0,17425000.0
10069.0,9000000.0,27105095.0
12819.0,20000000.0,39300000.0
9954.0,20000000.0,37597471.0
25132.0,40000000.0,28972508.0
577.0,20000000.0,21284514.0
328387.0,20000000.0,83707310.0
12690.0,20000000.0,20211394.0
539.0,806948.0,32000000.0
13596.0,20000000.0,36620508.0
226857.0,20000000.0,34077920.0
47941.0,20000000.0,2297493.0
526.0,20000000.0,18432000.0
22796.0,20000000.0,18253415.0
2355.0,20000000.0,22222308.0
5915.0,15000000.0,56255142.0
9842.0,20000000.0,17807569.0
61012.0,20000000.0,52302796.0
755.0,19000000.0,25836616.0
9470.0,20000000.0,100914445.0
7979.0,20000000.0,73276047.0
470.0,20000000.0,60427839.0
15644.0,20000000.0,16605763.0
9582.0,20000000.0,17432163.0
22074.0,20000000.0,17436509.0
2428.0,20000000.0,15473333.0
290751.0,19500000.0,34854990.0
13805.0,25000000.0,14109284.0
4597.0,20000000.0,22942221.0
9414.0,20000000.0,13801755.0
63492.0,20000000.0,30426096.0
81796.0,20000000.0,32204030.0
15092.0,20000000.0,34560577.0
15005.0,20000000.0,13391174.0
8198.0,30000000.0,27674124.0
6963.0,20000000.0,12482775.0
15070.0,20000000.0,12398628.0
17134.0,20000000.0,17280326.0
41402.0,20000000.0,24145613.0
146198.0,20000000.0,12639297.0
2639.0,20000000.0,10686841.0
295964.0,20000000.0,36606743.0
11835.0,20000000.0,16974459.0
14396.0,20000000.0,10337477.0
15673.0,20000000.0,11341016.0
42618.0,8000000.0,20000000.0
171274.0,20000000.0,11110975.0
109417.0,20000000.0,16549477.0
13948.0,20000000.0,7000000.0
106747.0,12000000.0,15008161.0
256962.0,20000000.0,6420319.0
48231.0,15000000.0,27462041.0
3509.0,8700000.0,7659918.0
12142.0,20000000.0,10442808.0
23367.0,20000000.0,5210988.0
241239.0,20000000.0,12007070.0
3902.0,20000000.0,4001121.0
77948.0,20000000.0,16863583.0
21755.0,20000000.0,5530764.0
128.0,26500000.0,159375308.0
16608.0,2000000.0,5048693.0
32316.0,20000000.0,1675706.0
7299.0,20000000.0,5359645.0
13405.0,40000000.0,7400000.0
314385.0,10000000.0,3727746.0
10448.0,20000000.0,305070.0
43935.0,20000000.0,4634062.0
44638.0,20000000.0,346594.0
199373.0,27220000.0,5496951.0
581.0,22000000.0,424208848.0
52449.0,20000000.0,216197492.0
12150.0,19000000.0,110879513.0
11247.0,19000000.0,70067909.0
4232.0,14000000.0,173046663.0
694.0,19000000.0,44017374.0
105.0,19000000.0,381109762.0
11377.0,19000000.0,40846082.0
41210.0,19000000.0,49830607.0
12090.0,18000000.0,101564935.0
62630.0,19100000.0,5728213.0
29427.0,20000000.0,54956140.0
129.0,15000000.0,274925095.0
2669.0,25000000.0,8613462.0
13523.0,19000000.0,18755936.0
25195.0,19000000.0,29922472.0
17277.0,19000000.0,4750000.0
50725.0,19000000.0,6928068.0
73191.0,19000000.0,2119994.0
10065.0,19000000.0,108047131.0
2757.0,19000000.0,32801173.0
11683.0,15000000.0,46770602.0
1878.0,18500000.0,10680275.0
23082.0,18500000.0,31912793.0
195589.0,18000000.0,268157400.0
854.0,23000000.0,351583407.0
2280.0,18000000.0,151668774.0
496.0,18000000.0,261572744.0
8835.0,18000000.0,141774679.0
157.0,18000000.0,87000000.0
8643.0,19000000.0,144216468.0
10402.0,17000000.0,65535067.0
218043.0,16000000.0,19682924.0
21301.0,18000000.0,65070412.0
10147.0,23000000.0,76488889.0
816.0,16500000.0,67683989.0
302688.0,18000000.0,88923251.0
60307.0,21000000.0,72417394.0
106.0,18000000.0,98235548.0
279.0,18000000.0,51973029.0
10625.0,17000000.0,129042871.0
5279.0,19800000.0,87754044.0
10013.0,18000000.0,41382841.0
194662.0,18000000.0,103215094.0
160588.0,18000000.0,99206215.0
9829.0,15000000.0,76286096.0
10028.0,18000000.0,62646763.0
790.0,1000000.0,21378361.0
43959.0,18000000.0,47088990.0
10364.0,18000000.0,24911670.0
9610.0,18000000.0,100000000.0
1578.0,18000000.0,23000000.0
25643.0,18000000.0,36133014.0
44115.0,18000000.0,35692920.0
10560.0,18000000.0,17200925.0
333348.0,17000000.0,24000000.0
20483.0,18000000.0,16702864.0
321697.0,30000000.0,34441873.0
38665.0,18000000.0,2945600.0
2575.0,21000000.0,28008462.0
11644.0,18000000.0,12000000.0
146227.0,18000000.0,10501938.0
68924.0,18000000.0,8038061.0
253235.0,18000000.0,25312387.0
10068.0,17000000.0,6735922.0
848.0,18000000.0,14110013.0
522.0,18000000.0,5887457.0
130150.0,18000000.0,20275812.0
12246.0,18000000.0,26527510.0
13809.0,18000000.0,25739015.0
33870.0,25000000.0,20719451.0
245703.0,18000000.0,6212282.0
127560.0,18000000.0,22309223.0
10017.0,2700000.0,3500000.0
11468.0,18000000.0,676698.0
193613.0,18000000.0,7972967.0
17436.0,18000000.0,382174.0
43434.0,18000000.0,871279.0
8408.0,3500000.0,34000000.0
9389.0,18000000.0,1831348.0
9626.0,17900000.0,6948633.0
75638.0,14000000.0,13551174.0
8363.0,20000000.0,121463226.0
8328.0,23000000.0,150816700.0
10982.0,15000000.0,51053787.0
205.0,17500000.0,38000000.0
1620.0,24000000.0,99965753.0
175541.0,17500000.0,7018189.0
241254.0,18000000.0,266586800.0
679.0,18500000.0,183316455.0
11113.0,17000000.0,72070731.0
3597.0,17000000.0,125586134.0
193893.0,17000000.0,136621271.0
9675.0,16000000.0,109502303.0
9988.0,17500000.0,19179969.0
948.0,300000.0,70000000.0
146304.0,17000000.0,71625195.0
7516.0,17000000.0,57103895.0
41439.0,20000000.0,136150434.0
9429.0,17000000.0,30331165.0
38117.0,17000000.0,43165571.0
9792.0,15000000.0,69623713.0
13960.0,20000000.0,21170563.0
114150.0,17000000.0,115350426.0
26602.0,34000000.0,19693891.0
26390.0,17000000.0,29536299.0
27759.0,17000000.0,10000000.0
109428.0,17000000.0,97542952.0
23049.0,17000000.0,20455276.0
9310.0,17000000.0,7314027.0
11411.0,17000000.0,19300000.0
7304.0,17000000.0,9500000.0
1491.0,40000000.0,86915017.0
2989.0,17000000.0,2000000.0
10629.0,17000000.0,1569918.0
255343.0,17000000.0,3758328.0
4723.0,17000000.0,374743.0
25763.0,17000000.0,8720000.0
79694.0,17000000.0,9627492.0
18615.0,16800000.0,2281089.0
10673.0,15000000.0,43848069.0
4584.0,16500000.0,135000000.0
2977.0,16500000.0,37311672.0
10760.0,16500000.0,13620075.0
11093.0,16500000.0,16942795.0
207.0,16400000.0,235860116.0
8467.0,16000000.0,247275374.0
639.0,16000000.0,92823546.0
24226.0,16000000.0,53977250.0
9285.0,16000000.0,119754278.0
74643.0,15000000.0,133432856.0
13788.0,16000000.0,76514050.0
83666.0,16000000.0,68263166.0
318850.0,18500000.0,6490401.0
1417.0,19000000.0,83258226.0
16161.0,16000000.0,29381649.0
49950.0,16000000.0,40492759.0
10956.0,17700000.0,30987695.0
9594.0,15000000.0,30102717.0
4638.0,12000000.0,80573774.0
13972.0,16000000.0,50007546.0
5038.0,15000000.0,96408652.0
10571.0,16000000.0,20627372.0
19994.0,16000000.0,31556061.0
25166.0,16000000.0,15427192.0
12120.0,20000000.0,13854000.0
9800.0,26000000.0,206678440.0
1090.0,16000000.0,18564088.0
18475.0,16000000.0,12.0
9781.0,6500000.0,4217115.0
8009.0,16000000.0,5900000.0
3877.0,16000000.0,2849142.0
8854.0,16000000.0,1686429.0
152599.0,16000000.0,5867686.0
68727.0,20000000.0,24261569.0
12657.0,16000000.0,14822346.0
8265.0,11000000.0,53191886.0
34647.0,13000000.0,754249.0
28178.0,16000000.0,47801389.0
264656.0,16000000.0,3442853.0
18777.0,15500000.0,1237615.0
90.0,15000000.0,316360478.0
771.0,18000000.0,476684675.0
9576.0,21000000.0,177200000.0
744.0,15000000.0,356830601.0
146.0,17000000.0,213525736.0
14.0,15000000.0,356296601.0
45269.0,15000000.0,414211549.0
9493.0,15000000.0,216614388.0
22556.0,15000000.0,317000.0
873.0,15000000.0,146292009.0
33196.0,16000000.0,11301649.0
205596.0,14000000.0,233555708.0
16769.0,15000000.0,67182787.0
33217.0,15000000.0,75700498.0
132232.0,15000000.0,146497771.0
11153.0,15000000.0,61399552.0
208134.0,15000000.0,151831537.0
1165.0,15000000.0,123384128.0
4011.0,15000000.0,73326666.0
17202.0,15000000.0,55184721.0
65086.0,17000000.0,127730736.0
10053.0,15000000.0,66966987.0
11870.0,15000000.0,52970014.0
11778.0,15000000.0,50000000.0
586.0,15000000.0,64256513.0
18736.0,17000000.0,55534455.0
134411.0,35000000.0,42930462.0
287903.0,15000000.0,61548707.0
9276.0,15000000.0,40283321.0
2142.0,15000000.0,44862187.0
11397.0,16000000.0,66468332.0
77016.0,7000000.0,48126384.0
11478.0,15000000.0,35007180.0
266856.0,15000000.0,123726688.0
10564.0,15000000.0,33771174.0
947.0,15000000.0,69995385.0
24150.0,15000000.0,39421467.0
228970.0,15000000.0,52501541.0
18405.0,15000000.0,32721635.0
6961.0,15000000.0,47175038.0
11442.0,13000000.0,37664855.0
2493.0,16000000.0,30857814.0
14047.0,15000000.0,30226144.0
64690.0,15000000.0,78054825.0
11132.0,15000000.0,29331068.0
17127.0,15000000.0,46905889.0
1562.0,15000000.0,64238440.0
232679.0,15000000.0,30127963.0
17880.0,14000000.0,32645546.0
14736.0,20000000.0,27728118.0
23706.0,15000000.0,40105542.0
9100.0,15000000.0,24769466.0
116.0,15000000.0,85306374.0
1245.0,11500000.0,23237911.0
4995.0,15000000.0,43101594.0
14012.0,15000000.0,21000000.0
12212.0,14000000.0,38574362.0
8975.0,20000000.0,22165608.0
342521.0,15000000.0,20566327.0
45272.0,15000000.0,20529194.0
9424.0,15000000.0,17507368.0
97367.0,15000000.0,35485608.0
254904.0,15000000.0,32556119.0
12162.0,15000000.0,42000000.0
11495.0,15000000.0,17080167.0
64689.0,15000000.0,37930465.0
157849.0,15000000.0,31554855.0
37003.0,15000000.0,22730842.0
12211.0,25000000.0,15843608.0
51828.0,15000000.0,59389433.0
22798.0,15000000.0,16633035.0
7501.0,15000000.0,12000000.0
97430.0,15000000.0,15608545.0
12257.0,15000000.0,10443316.0
14024.0,15000000.0,14867514.0
115.0,15000000.0,46189568.0
7874.0,15000000.0,10903846.0
4911.0,15000000.0,9237470.0
1988.0,16000000.0,18928871.0
16222.0,15000000.0,9902115.0
9557.0,20000000.0,8586376.0
8321.0,15000000.0,34533783.0
10186.0,15000000.0,8762890.0
25704.0,15000000.0,6405245.0
133694.0,15000000.0,8138788.0
19265.0,15000000.0,35097815.0
36047.0,15000000.0,5217498.0
8053.0,15000000.0,12036149.0
5236.0,15000000.0,15785148.0
6552.0,25000000.0,4152230.0
1018.0,15000000.0,20117339.0
42188.0,15000000.0,9455232.0
6687.0,15000000.0,5926410.0
8461.0,15000000.0,7938872.0
19.0,92620000.0,650422.0
10045.0,12000000.0,9584131.0
400.0,8000000.0,529766.0
253450.0,15000000.0,632542.0
16353.0,8500000.0,8936663.0
23759.0,12000000.0,6814789.0
24206.0,15000000.0,76382.0
10185.0,15000000.0,3533227.0
31668.0,15000000.0,23000.0
13501.0,15000000.0,20380.0
172391.0,20000000.0,27187375.0
137.0,14600000.0,70906973.0
264999.0,14800000.0,122513057.0
454.0,14500000.0,147298761.0
53457.0,10000000.0,17511906.0
33.0,14000000.0,159157447.0
1951.0,14200000.0,674918.0
12405.0,15000000.0,377910544.0
10998.0,14000000.0,320145693.0
114.0,14000000.0,463000000.0
2604.0,14000000.0,161001698.0
864.0,14000000.0,154864401.0
14435.0,15000000.0,100734718.0
1931.0,13000000.0,75511123.0
691.0,14000000.0,185438673.0
9877.0,14000000.0,72527595.0
12227.0,14000000.0,34793160.0
71688.0,13000000.0,114956699.0
8291.0,14000000.0,27515786.0
13950.0,14000000.0,25482931.0
12158.0,14000000.0,19800000.0
11586.0,14000000.0,30749142.0
12403.0,14000000.0,22852638.0
34563.0,14000000.0,21409028.0
10368.0,12000000.0,21001563.0
14434.0,11000000.0,13196245.0
11470.0,11000000.0,16951798.0
24940.0,14000000.0,10424470.0
82679.0,14000000.0,11417362.0
2013.0,14000000.0,19777647.0
1440.0,26000000.0,14821658.0
18041.0,14000000.0,5108820.0
87729.0,14000000.0,2474000.0
44754.0,14000000.0,46495.0
43949.0,14000000.0,1755212.0
142.0,14000000.0,178043761.0
10712.0,13500000.0,29027914.0
243938.0,14000000.0,12314651.0
10876.0,13500000.0,7060876.0
86838.0,15000000.0,19422261.0
613.0,18339750.0,92180910.0
1913.0,12806000.0,38535221.0
97370.0,13300000.0,5380251.0
801.0,13000000.0,123922370.0
70829.0,13400000.0,16700000.0
54518.0,13000000.0,98441954.0
44214.0,13000000.0,327803731.0
240.0,13000000.0,47542841.0
9816.0,13000000.0,91038276.0
10131.0,7000000.0,72500000.0
339984.0,16000000.0,77000000.0
8859.0,13000000.0,73180723.0
11967.0,13000000.0,44726644.0
239563.0,13000000.0,54837234.0
222899.0,12500000.0,49002684.0
4951.0,16000000.0,53478166.0
332567.0,17000000.0,119100758.0
1954.0,13000000.0,96060858.0
22345.0,12000000.0,36450736.0
9448.0,13000000.0,27007143.0
11186.0,13000000.0,35763605.0
136835.0,13200000.0,53830415.0
5876.0,18000000.0,57096190.0
264660.0,15000000.0,36869414.0
492.0,13000000.0,22863596.0
238603.0,13000000.0,45300000.0
10691.0,13000000.0,16929123.0
1251.0,19000000.0,68673228.0
5172.0,13000000.0,11130889.0
58680.0,13000000.0,8026971.0
264644.0,6000000.0,35401758.0
11592.0,13000000.0,7820688.0
16406.0,13000000.0,27500000.0
3682.0,13000000.0,16757163.0
107811.0,13000000.0,48065672.0
2266.0,13000000.0,4857367.0
144340.0,13000000.0,18000000.0
28211.0,15000000.0,8459458.0
47502.0,13000000.0,9789900.0
9950.0,13000000.0,2636637.0
84892.0,13000000.0,33400000.0
24227.0,3000000.0,1200000.0
9672.0,13000000.0,1151330.0
157544.0,13000000.0,1784763.0
59678.0,14350531.0,3964682.0
79777.0,10000000.0,303877.0
158011.0,13000000.0,68572378.0
8952.0,13000000.0,10652035.0
62204.0,12000000.0,55260558.0
13435.0,12500000.0,23367586.0
319.0,12500000.0,12281551.0
9504.0,12500000.0,10725228.0
26688.0,12500000.0,27206120.0
6615.0,12000000.0,11293663.0
14574.0,12500000.0,20416563.0
16.0,12800000.0,40031879.0
21612.0,12500000.0,1227324.0
36691.0,15000000.0,5024782.0
23631.0,20000000.0,31327899.0
45324.0,12500000.0,1083683.0
12144.0,12300000.0,84460846.0
56601.0,12500000.0,3878993.0
9552.0,8000000.0,441306145.0
578.0,7000000.0,470654000.0
2105.0,11000000.0,235483004.0
126319.0,12516654.0,8109160.0
10136.0,25000000.0,79817939.0
67660.0,12000000.0,96070507.0
10611.0,12000000.0,75781642.0
154.0,12000000.0,96800000.0
3049.0,15000000.0,107217396.0
860.0,12000000.0,79567667.0
9281.0,12000000.0,68706993.0
75674.0,12000000.0,81272766.0
9762.0,12000000.0,114194847.0
184.0,12000000.0,39673162.0
13335.0,12000000.0,43493123.0
76726.0,15000000.0,145000000.0
10269.0,12000000.0,30400000.0
36819.0,5000000.0,42365581.0
17130.0,12000000.0,61141030.0
57214.0,12000000.0,100000000.0
11202.0,12000000.0,89800000.0
9357.0,12000000.0,52223306.0
13812.0,12000000.0,40855419.0
9030.0,12000000.0,56309766.0
19084.0,12000000.0,31179516.0
8386.0,12000000.0,31155435.0
1360.0,12000000.0,56298474.0
101267.0,12000000.0,32726956.0
222935.0,12000000.0,307166834.0
10220.0,12000000.0,22921898.0
31915.0,12000000.0,54000000.0
11601.0,12000000.0,21133087.0
205220.0,12000000.0,100129872.0
14191.0,12000000.0,23006849.0
286565.0,12000000.0,85512300.0
129670.0,12000000.0,17654912.0
34549.0,12000000.0,17292381.0
57157.0,12000000.0,22939027.0
1948.0,12000000.0,42931041.0
46889.0,12000000.0,12902790.0
387.0,14000000.0,85000000.0
60599.0,12000000.0,35485056.0
227719.0,12000000.0,32248241.0
12088.0,8000000.0,6739141.0
14799.0,12000000.0,5542025.0
7510.0,12000000.0,6754898.0
31246.0,12000000.0,4922166.0
61752.0,12000000.0,4939939.0
10944.0,12000000.0,23.0
10362.0,12000000.0,3148182.0
1255.0,11000000.0,88489643.0
179144.0,12400000.0,8371085.0
86825.0,12000000.0,12077441.0
844.0,12000000.0,19271312.0
38448.0,12000000.0,1644755.0
327.0,12000000.0,15250000.0
21345.0,12000000.0,10652498.0
173931.0,19000000.0,2570000.0
61984.0,12000000.0,11212294.0
50601.0,20000000.0,17479.0
236751.0,12000000.0,101332962.0
107.0,10000000.0,83557872.0
8913.0,11500000.0,57469467.0
927.0,11000000.0,153083102.0
11.0,11000000.0,775398007.0
291870.0,11500000.0,94073028.0
907.0,11000000.0,111858363.0
45317.0,25000000.0,93617009.0
12094.0,11000000.0,72778712.0
10377.0,11000000.0,64088552.0
249164.0,11000000.0,78874843.0
9942.0,11000000.0,49797148.0
1817.0,13000000.0,97837138.0
10229.0,11000000.0,41227069.0
687.0,11000000.0,39363635.0
796.0,10500000.0,75902208.0
22804.0,11000000.0,68233629.0
10156.0,11000000.0,31672907.0
12837.0,11000000.0,38105395.0
17708.0,11000000.0,23978402.0
13937.0,12000000.0,37170057.0
28932.0,11.0,11.0
31909.0,12000000.0,4884663.0
167073.0,11000000.0,62076141.0
3175.0,11000000.0,20000000.0
14369.0,24000000.0,14782676.0
16888.0,24000000.0,13700000.0
121826.0,11000000.0,59520298.0
10646.0,11000000.0,23430766.0
12149.0,11000000.0,13110448.0
304357.0,11000000.0,61619773.0
20009.0,14000000.0,6413915.0
1587.0,11000000.0,30000000.0
30973.0,10000000.0,4069090.0
63020.0,11000000.0,2832826.0
86829.0,11000000.0,32935319.0
13888.0,11000000.0,2807854.0
42345.0,11000000.0,2200000.0
11917.0,10800000.0,113857533.0
14395.0,7400000.0,17000000.0
24137.0,14000000.0,18535191.0
62.0,10500000.0,68700000.0
601.0,10500000.0,792910554.0
13067.0,10000000.0,17500000.0
88641.0,10500000.0,123509.0
96399.0,12000000.0,9622846.0
489.0,10000000.0,225933435.0
214.0,10000000.0,163876815.0
10890.0,10000000.0,85300000.0
1588.0,28000000.0,90449929.0
316727.0,10000000.0,118587880.0
10314.0,10000000.0,103166989.0
663.0,10000000.0,139352633.0
11804.0,10000000.0,91196419.0
16781.0,6000000.0,57231524.0
11873.0,13800000.0,52293982.0
9289.0,10000000.0,50100000.0
10414.0,10000000.0,50752337.0
1970.0,10000000.0,183474602.0
9614.0,12000000.0,41205099.0
8922.0,10000000.0,59217789.0
1648.0,10000000.0,40485039.0
17917.0,10000000.0,37402877.0
74534.0,10000000.0,136836156.0
19405.0,10000000.0,44460850.0
9355.0,12305523.0,36230219.0
10999.0,10000000.0,57500000.0
321258.0,10000000.0,64188367.0
44040.0,10000000.0,33583175.0
10426.0,20000000.0,33526835.0
280092.0,10000000.0,104303851.0
13938.0,10000000.0,25754284.0
10163.0,10000000.0,32101000.0
12182.0,9000000.0,32973937.0
1832.0,10000000.0,30652890.0
15301.0,10000000.0,29450919.0
10135.0,15000000.0,30050028.0
26352.0,10000000.0,29392418.0
20616.0,8500000.0,34411240.0
9794.0,12000000.0,38368909.0
15037.0,10000000.0,25605015.0
227.0,10000000.0,33697647.0
294272.0,65000000.0,143695338.0
11336.0,10000000.0,20766616.0
283445.0,10000000.0,52882018.0
88036.0,14000000.0,24637469.0
22824.0,10000000.0,42333295.0
11545.0,9000000.0,17096053.0
42684.0,10000000.0,66821036.0
268238.0,10000000.0,85978266.0
41823.0,10000000.0,16153593.0
9362.0,11000000.0,48572000.0
9902.0,12600000.0,28650575.0
14729.0,10000000.0,15795189.0
9455.0,25000000.0,15156200.0
103731.0,10000000.0,21587700.0
10090.0,10000000.0,20342161.0
75900.0,6400000.0,35057696.0
9515.0,10000000.0,17297244.0
328425.0,5000000.0,58978653.0
1542.0,10000000.0,12827813.0
10490.0,10000000.0,10571408.0
87093.0,10000000.0,28883511.0
10029.0,30000000.0,9898412.0
11507.0,10000000.0,8801940.0
37931.0,10000000.0,6110000.0
87818.0,6000000.0,32438988.0
88005.0,10000000.0,9636289.0
73.0,20000000.0,23875127.0
14283.0,18000000.0,9495408.0
209403.0,9500000.0,7800000.0
7942.0,10000000.0,33000000.0
73247.0,10000000.0,2154696.0
253331.0,9000000.0,21571189.0
9952.0,10000000.0,7177143.0
256924.0,10000000.0,10835752.0
82532.0,10000000.0,4417580.0
2088.0,11500000.0,3275585.0
10388.0,10000000.0,3193102.0
1640.0,6500000.0,98410061.0
25520.0,10000000.0,5164404.0
329440.0,10000000.0,40055439.0
47890.0,14000000.0,439564.0
252512.0,10000000.0,7587485.0
55720.0,10000000.0,1759252.0
29076.0,10000000.0,1631839.0
68812.0,20000000.0,1969193.0
73567.0,10000000.0,3665069.0
41479.0,10000000.0,7022728.0
1989.0,10000000.0,21786738.0
12779.0,10000000.0,598645.0
13191.0,5000000.0,1296184.0
101173.0,7700000.0,1072602.0
20178.0,10000000.0,295750.0
78149.0,10000000.0,45779.0
245846.0,10000000.0,17472.0
25186.0,10000000.0,9069.0
217708.0,10.0,11.0
78383.0,10.0,10000000.0
16614.0,9500000.0,17164377.0
9700.0,9600000.0,4386236.0
10471.0,11000000.0,59827328.0
667.0,9500000.0,111584787.0
86837.0,8900000.0,19839492.0
10306.0,10500000.0,14144000.0
11576.0,9400000.0,60000000.0
219.0,12899867.0,85582407.0
62215.0,7400000.0,21817298.0
348.0,11000000.0,104931801.0
30497.0,85000.0,30859000.0
27586.0,10000000.0,2995811.0
14811.0,9000000.0,83304330.0
660.0,5500000.0,141195658.0
40794.0,7000000.0,8220215.0
9400.0,9000000.0,41590886.0
16162.0,9000000.0,34573780.0
10585.0,9000000.0,44196684.0
2359.0,9000000.0,24538513.0
238636.0,9000000.0,108782847.0
11282.0,9000000.0,23936908.0
14181.0,26000000.0,28780255.0
1621.0,40600000.0,90400000.0
9656.0,9000000.0,21510851.0
1619.0,8500000.0,19125401.0
9685.0,9000000.0,4777465.0
14425.0,9000000.0,4350774.0
15568.0,9000000.0,2955039.0
67675.0,9000000.0,18663238.0
250349.0,6000000.0,14348529.0
39806.0,9000000.0,771499.0
15699.0,5000000.0,140666.0
17926.0,9000000.0,1046166.0
9671.0,5000000.0,328203506.0
13483.0,86000000.0,14373825.0
1547.0,8500000.0,32222567.0
25196.0,7000000.0,39462438.0
16323.0,9250000.0,29174648.0
175528.0,8500000.0,22456509.0
8069.0,9000000.0,2500000.0
16727.0,12000000.0,20138836.0
272693.0,8500000.0,43528634.0
10696.0,22000000.0,5271666.0
29963.0,8500000.0,4440055.0
26022.0,12000000.0,42345360.0
152747.0,9000000.0,6108720.0
62676.0,8000000.0,1997807.0
1116.0,6500000.0,22889018.0
185008.0,7700000.0,46000000.0
11620.0,8250000.0,30000000.0
680.0,8000000.0,213928762.0
242582.0,8500000.0,38697217.0
11217.0,8500000.0,5001655.0
15121.0,8200000.0,286214286.0
2619.0,8000000.0,69821334.0
773.0,8000000.0,100523181.0
235.0,8000000.0,52287414.0
170.0,5000000.0,82719885.0
10734.0,8000000.0,43000000.0
37964.0,8000000.0,27362712.0
40807.0,8000000.0,39187783.0
225565.0,8000000.0,26049082.0
668.0,6500000.0,81974493.0
11596.0,14000000.0,18090181.0
14429.0,8000000.0,22593409.0
13751.0,8000000.0,18948425.0
9490.0,8000000.0,17460020.0
14536.0,8000000.0,29010817.0
1359.0,7000000.0,34266564.0
9962.0,8000000.0,16856124.0
15049.0,8000000.0,12671300.0
22821.0,8000000.0,10629321.0
37735.0,8000000.0,74952305.0
10873.0,8000000.0,8279017.0
51588.0,8000000.0,10130000.0
291270.0,8000000.0,5659286.0
44009.0,8000000.0,18124262.0
13154.0,8000000.0,2275557.0
43923.0,8000000.0,6491240.0
26306.0,8000000.0,589304.0
198277.0,8000000.0,63464861.0
7870.0,8000000.0,852872.0
13072.0,8000000.0,458232.0
10288.0,8000000.0,426224.0
44147.0,8000000.0,3453043.0
13197.0,8000000.0,143451.0
251321.0,8000000.0,53086.0
149.0,8000000.0,553171.0
10425.0,22000000.0,413454.0
49081.0,8000000.0,2019009.0
302.0,7800000.0,22441323.0
403.0,7500000.0,145793296.0
33542.0,7500000.0,32392047.0
9388.0,6500000.0,24793509.0
1691.0,10200000.0,35619521.0
24684.0,7500000.0,26096852.0
2610.0,10284523.0,11588205.0
11022.0,6500000.0,12633747.0
34341.0,7500000.0,4245870.0
36046.0,7500000.0,3347647.0
12569.0,8000000.0,10848783.0
73873.0,8000000.0,5634828.0
7735.0,7500000.0,19000000.0
301365.0,7000000.0,1333124.0
25941.0,7300000.0,10329747.0
7326.0,7500000.0,231411584.0
681.0,7200000.0,116019547.0
238.0,6000000.0,245066411.0
535.0,4000000.0,92921203.0
19913.0,7500000.0,60722734.0
713.0,7000000.0,116700000.0
77930.0,7000000.0,167221571.0
253.0,7000000.0,161777836.0
57119.0,6600000.0,37710610.0
3291.0,7000000.0,54600000.0
398.0,7000000.0,49084830.0
8068.0,7000000.0,25405445.0
10803.0,9000000.0,25000000.0
682.0,7000000.0,97572000.0
10117.0,7000000.0,20256975.0
79316.0,7000000.0,36433975.0
2074.0,7000000.0,14702438.0
308639.0,700000.0,17986781.0
22314.0,7000000.0,14011454.0
2662.0,7000000.0,16829545.0
12573.0,7000000.0,31430334.0
241771.0,7000000.0,14618727.0
11051.0,7000000.0,8373585.0
14578.0,7000000.0,7292175.0
13006.0,7.0,5.0
16651.0,7000000.0,4720371.0
4251.0,7000000.0,29385320.0
14112.0,7000000.0,2062066.0
71859.0,7000000.0,6038942.0
33676.0,7000000.0,1246141.0
30128.0,7000000.0,1429299.0
44835.0,7000000.0,382946.0
306745.0,7000000.0,573335.0
47088.0,7000000.0,453079.0
110402.0,7000000.0,1310673.0
27004.0,7000000.0,46488.0
8374.0,6000000.0,30471.0
164372.0,7000000.0,12400000.0
13001.0,7000000.0,8900000.0
9571.0,6900000.0,7993039.0
82505.0,6900000.0,44287131.0
46738.0,6800000.0,7103838.0
250546.0,6500000.0,255273813.0
38415.0,7.0,7.0
650.0,6500000.0,57504069.0
16620.0,6500000.0,54215416.0
11033.0,6500000.0,31899000.0
9430.0,6500000.0,28451622.0
8998.0,6500000.0,13368437.0
10514.0,6500000.0,12376563.0
76025.0,6500000.0,17693675.0
4836.0,6500000.0,11850214.0
14631.0,6500000.0,2025032.0
87499.0,6500000.0,2401510.0
18923.0,6500000.0,1548955.0
28089.0,6500000.0,1521261.0
218.0,6400000.0,78371200.0
338.0,4800000.0,79384880.0
10925.0,4000000.0,14237000.0
2293.0,6000000.0,2122561.0
621.0,6000000.0,181813770.0
792.0,6000000.0,138530565.0
1777.0,6000000.0,119114517.0
642.0,6000000.0,102308889.0
433.0,6000000.0,102272727.0
1725.0,6000000.0,43656822.0
11977.0,6000000.0,39846344.0
16158.0,6000000.0,25059640.0
629.0,6000000.0,23341568.0
10160.0,8000000.0,22168359.0
11452.0,5000000.0,38275483.0
12163.0,6000000.0,44703995.0
32275.0,6000000.0,20400000.0
1103.0,6000000.0,50244700.0
14144.0,6000000.0,18197398.0
10622.0,12716953.0,18814720.0
13370.0,6000000.0,18750246.0
10215.0,6000000.0,58000000.0
25066.0,6000000.0,12000000.0
1523.0,6000000.0,48027970.0
11361.0,5000000.0,11642254.0
92591.0,5000000.0,9206470.0
57612.0,6000000.0,7518876.0
15256.0,6000000.0,6852450.0
83686.0,6000000.0,13231461.0
28053.0,6000000.0,6670712.0
67913.0,6000000.0,19560274.0
13991.0,7000000.0,6230276.0
1443.0,6000000.0,10409377.0
231576.0,5500000.0,5483299.0
16172.0,6000000.0,4398989.0
15797.0,6000000.0,3283371.0
13537.0,6000000.0,2944752.0
20794.0,6000000.0,2025238.0
576.0,6244087.0,638641.0
13990.0,6000000.0,2899975.0
27549.0,6000000.0,869325.0
59728.0,6000000.0,399611.0
58882.0,134005.0,1332231.0
13827.0,6000000.0,69497.0
97614.0,12000000.0,66351.0
837.0,5952000.0,2120439.0
1555.0,5300000.0,3897799.0
244783.0,6000000.0,32251.0
16564.0,4000000.0,530048.0
3482.0,5800000.0,6800000.0
8982.0,6000000.0,27165581.0
455.0,3500159.0,76578641.0
14351.0,5800000.0,7000000.0
10664.0,5600000.0,18469680.0
9277.0,5500000.0,159616327.0
9443.0,5500000.0,58972904.0
11901.0,5500000.0,15700000.0
33155.0,5500000.0,4865000.0
321.0,4361898.0,3031801.0
4997.0,5000000.0,2466444.0
925.0,6500000.0,37295445.0
7913.0,2200000.0,11502151.0
230266.0,5500000.0,5000000.0
215.0,4000000.0,152925093.0
333371.0,15000000.0,108286421.0
9012.0,5000000.0,64282312.0
345911.0,4900000.0,44107032.0
72571.0,5000000.0,205703818.0
242512.0,5000000.0,103590271.0
10072.0,5000000.0,44793222.0
211954.0,5500000.0,99067206.0
82990.0,5000000.0,142817992.0
29912.0,4100000.0,36000000.0
11843.0,5000000.0,41833347.0
11284.0,11000000.0,34872033.0
504.0,8000000.0,60378584.0
173.0,5000000.0,28200000.0
227348.0,5000000.0,86362372.0
1955.0,5000000.0,26010864.0
152532.0,5000000.0,55198285.0
243940.0,3300000.0,64110728.0
77.0,9000000.0,39723096.0
157547.0,5000000.0,44030246.0
2295.0,5000000.0,26888376.0
71.0,5000000.0,110000000.0
147773.0,4600000.0,23198652.0
24266.0,3500000.0,20659423.0
59968.0,10000000.0,17273593.0
323677.0,5000000.0,24804129.0
256274.0,5000000.0,40100000.0
284293.0,5000000.0,43884652.0
24973.0,5000000.0,15000000.0
21610.0,5000000.0,19905359.0
10283.0,5000000.0,14000000.0
8346.0,5000000.0,368744044.0
122081.0,5000000.0,31724284.0
10987.0,5000000.0,15116634.0
1391.0,5000000.0,33616692.0
747.0,4000000.0,30039392.0
26748.0,5000000.0,13269963.0
11357.0,5000000.0,17768757.0
14854.0,5000000.0,12232628.0
50357.0,5000000.0,25562924.0
13090.0,5000000.0,16174377.0
192141.0,5000000.0,54418872.0
29996.0,5000000.0,12200000.0
351819.0,20000000.0,21164799.0
22649.0,4.0,25.0
11042.0,8000000.0,3432342.0
17339.0,5000000.0,7230000.0
335.0,5000000.0,5321508.0
15745.0,5000000.0,5476060.0
17431.0,5000000.0,9760104.0
78394.0,5000000.0,4074023.0
10217.0,5000000.0,3263585.0
46332.0,4000000.0,41424067.0
13996.0,5000000.0,4040588.0
1024.0,5000000.0,3049135.0
343795.0,5000000.0,4842699.0
45658.0,5000000.0,2614773.0
16148.0,5000000.0,1980338.0
4553.0,5000000.0,8203235.0
245916.0,5000000.0,2450846.0
27585.0,5000000.0,5129058.0
1415.0,5000000.0,742898.0
313922.0,5000000.0,3220371.0
199933.0,5000000.0,846704.0
13685.0,7000000.0,560069.0
46838.0,5000000.0,5476793.0
298312.0,5000000.0,98450062.0
11600.0,5000000.0,782102.0
31175.0,5000000.0,17872796.0
12498.0,1000000.0,24475416.0
77949.0,4798235.0,209696.0
1690.0,4800000.0,80578934.0
64720.0,5000000.0,3099314.0
16337.0,4700000.0,8025872.0
11577.0,4638783.0,11000000.0
77987.0,4800000.0,10337387.0
9336.0,4500000.0,146198896.0
5689.0,4500000.0,58853106.0
712.0,6000000.0,254700832.0
13342.0,4500000.0,27092880.0
10339.0,4500000.0,10400000.0
1429.0,15000000.0,13060843.0
9303.0,4500000.0,7011317.0
641.0,4500000.0,7390108.0
252680.0,5000000.0,10429707.0
141.0,6000000.0,1270522.0
39800.0,4500000.0,744816.0
36419.0,4500000.0,3606395.0
510.0,3000000.0,108981275.0
375290.0,4500000.0,32000000.0
116613.0,3730500.0,6294161.0
1088.0,8000000.0,41400000.0
3040.0,4200000.0,32000000.0
11386.0,3705538.0,62548947.0
10246.0,4000000.0,125728258.0
10331.0,114000.0,30000000.0
153.0,4000000.0,119723856.0
703.0,4000000.0,38251425.0
27191.0,4000000.0,36000000.0
1365.0,4000000.0,44909486.0
287424.0,4000000.0,187112.0
451.0,3600000.0,49800000.0
241251.0,4000000.0,52425855.0
40494.0,4000000.0,14400000.0
39781.0,3500000.0,34705850.0
8337.0,4000000.0,13008928.0
5925.0,4000000.0,11744471.0
146203.0,5000000.0,15179302.0
85350.0,4000000.0,44349000.0
512.0,4000000.0,31584901.0
13408.0,7000000.0,10229331.0
47816.0,6000000.0,9000000.0
11536.0,4000000.0,8200000.0
2370.0,4000000.0,6000000.0
9809.0,4000000.0,4630045.0
5.0,4000000.0,4300000.0
11013.0,4000000.0,9304609.0
10132.0,4000000.0,3468572.0
8141.0,4000000.0,2426851.0
48572.0,4000000.0,1104682.0
14517.0,4000000.0,866999.0
157847.0,4000000.0,2365467.0
25719.0,3000000.0,302204.0
48309.0,1300000.0,354704.0
44945.0,9500000.0,120000.0
111190.0,16000000.0,318982.0
54580.0,4000000.0,146402.0
52015.0,650000.0,33245.0
60422.0,4000000.0,355688.0
81390.0,4000000.0,25345000.0
22301.0,3950000.0,8000000.0
874.0,3900000.0,28350000.0
10774.0,3800000.0,23689877.0
770.0,4000000.0,400176459.0
29715.0,3800000.0,14873.0
25209.0,3768785.0,8000000.0
37495.0,967686.0,4270000.0
34769.0,3500000.0,44462.0
35032.0,3700000.0,2956000.0
8618.0,4000000.0,13401952.0
3116.0,3600000.0,44785053.0
9427.0,3500000.0,257850122.0
813.0,3500000.0,83453539.0
10634.0,3500000.0,28215918.0
9516.0,3500000.0,27900000.0
16288.0,3500000.0,14000000.0
23330.0,3716946.0,5000000.0
18900.0,3500000.0,13007551.0
27029.0,3500000.0,12800000.0
26268.0,3500000.0,12000000.0
573.0,3500000.0,12600000.0
310131.0,3500000.0,40423945.0
11363.0,3500000.0,9482579.0
3033.0,10000000.0,6451628.0
25376.0,2000000.0,33965843.0
765.0,3600000.0,5923044.0
46146.0,3500000.0,4159678.0
14256.0,3500000.0,113783.0
12535.0,3400000.0,31063038.0
1667.0,8000000.0,127392239.0
50839.0,3500000.0,19504039.0
13973.0,3000000.0,3830137.0
244786.0,3300000.0,13092000.0
598.0,3300000.0,30641770.0
11129.0,600000.0,4000000.0
103663.0,3800000.0,16800000.0
301748.0,3300000.0,45000.0
108346.0,2000000.0,7.0
805.0,3200000.0,33395426.0
11697.0,3200000.0,8000000.0
55347.0,3200000.0,5332926.0
8469.0,2700000.0,141000000.0
658.0,2500000.0,124881062.0
1585.0,3180000.0,9644124.0
627.0,4000000.0,16491080.0
41436.0,3000000.0,177512032.0
1430.0,4000000.0,35564473.0
10014.0,3000000.0,29999213.0
11257.0,3000000.0,20966644.0
158015.0,3000000.0,89328627.0
82507.0,3000000.0,77712439.0
20337.0,3000000.0,19184015.0
261.0,3000000.0,17570324.0
1685.0,3000000.0,18999718.0
20737.0,3000000.0,23144499.0
10991.0,16000000.0,68411275.0
10225.0,3000000.0,19472057.0
826.0,3000000.0,33300000.0
34086.0,3000000.0,15369573.0
5854.0,2000000.0,7900000.0
284.0,3000000.0,25000000.0
10285.0,3000000.0,15938065.0
5780.0,3000000.0,13000000.0
292.0,3000000.0,11718595.0
22013.0,3000000.0,10400000.0
821.0,3000000.0,10000000.0
3089.0,3000000.0,9012000.0
132344.0,3000000.0,11176469.0
15158.0,3000000.0,7282851.0
44634.0,3000000.0,6804016.0
10557.0,3800000.0,28200000.0
28005.0,3000000.0,4109095.0
252.0,3000000.0,4000000.0
18892.0,3000000.0,3076820.0
549.0,2962051.0,3011195.0
868.0,3000000.0,9879971.0
10683.0,3000000.0,2807390.0
246403.0,2800000.0,1826705.0
670.0,3000000.0,14980005.0
49010.0,3000000.0,748453.0
24469.0,3000000.0,2357852.0
84174.0,3000000.0,11947954.0
38541.0,3000000.0,22000.0
234212.0,3000000.0,3387000.0
26039.0,2500000.0,3200000.0
666.0,2900000.0,5596708.0
248.0,2900000.0,5000000.0
43942.0,3000000.0,103735.0
10476.0,8000000.0,23563727.0
239.0,2883848.0,25000000.0
10281.0,2800000.0,19170001.0
630.0,2777000.0,33754967.0
3034.0,2800000.0,86273333.0
13025.0,2000000.0,5364858.0
17264.0,2700000.0,37799643.0
15875.0,2686000.0,6600000.0
43306.0,2627000.0,5363000.0
11072.0,2600000.0,119500000.0
9730.0,2600000.0,32980880.0
209274.0,2159280.0,10700000.0
291.0,2600000.0,3166000.0
14139.0,2600000.0,553198.0
872.0,2540800.0,7200000.0
139038.0,2500000.0,60141683.0
126509.0,2500000.0,33400000.0
10676.0,2500000.0,14400000.0
1687.0,2500000.0,12348905.0
24748.0,2500000.0,10000000.0
401.0,2500000.0,26781723.0
76.0,2500000.0,5535405.0
84329.0,2500000.0,3325038.0
157386.0,2500000.0,6854611.0
46849.0,2500000.0,71904.0
20764.0,2500000.0,107559.0
45132.0,2500000.0,324138.0
49471.0,2400000.0,5731103.0
7512.0,30000000.0,495303.0
11798.0,2380000.0,8176544.0
43546.0,2361000.0,6892000.0
17820.0,2300000.0,11000000.0
756.0,2280000.0,83320000.0
9728.0,4000000.0,36690067.0
9731.0,2200000.0,21930418.0
43610.0,2160000.0,9132000.0
887.0,2100000.0,23650000.0
364083.0,2100000.0,3330.0
8329.0,1500000.0,30448000.0
657.0,2000000.0,78898765.0
11561.0,2000000.0,18344729.0
270303.0,2000000.0,14674076.0
11624.0,2000000.0,18016290.0
595.0,2000000.0,13129846.0
8810.0,2000000.0,24600832.0
226.0,2000000.0,11540607.0
92182.0,2000000.0,13101672.0
582.0,2000000.0,70000000.0
72213.0,1000000.0,34522221.0
990.0,2000000.0,7600000.0
55604.0,2000000.0,9172000.0
9662.0,8000000.0,1477676.0
80.0,2700000.0,15992615.0
55.0,2000000.0,20908467.0
11023.0,2000000.0,4601043.0
33667.0,2000000.0,7800000.0
39013.0,2000000.0,13831503.0
43839.0,2000000.0,4000000.0
44639.0,2000000.0,7871522.0
301351.0,6000000.0,11122090.0
7873.0,2000000.0,5967038.0
331190.0,2000000.0,2801508.0
15186.0,2000000.0,2506446.0
1378.0,2000000.0,5179037.0
8885.0,2000000.0,11125849.0
48382.0,2000000.0,1672730.0
12901.0,2000000.0,1431623.0
250124.0,2000000.0,1477002.0
12228.0,2000000.0,653621.0
42889.0,2000000.0,563706.0
10656.0,2000000.0,390659.0
24746.0,2000000.0,124494.0
12109.0,2000000.0,120620.0
27023.0,3800000.0,111731.0
273899.0,13500000.0,187674.0
20653.0,7000000.0,1100000.0
28260.0,2000000.0,54207.0
13075.0,2000000.0,622806.0
115210.0,100000.0,95000.0
11302.0,2000000.0,11833696.0
26388.0,1987650.0,19152480.0
38358.0,1800000.0,67738090.0
702.0,1800000.0,8000000.0
935.0,1800000.0,9440272.0
84175.0,1800000.0,21107746.0
1705.0,1700000.0,8844595.0
50875.0,2000000.0,841733.0
4929.0,1800000.0,6800000.0
104.0,1530000.0,7267585.0
10894.0,500000.0,150277.0
1688.0,1700000.0,9700000.0
43947.0,2000000.0,572809.0
24066.0,1700000.0,1943649.0
191714.0,1000000.0,4235151.0
34106.0,1644736.0,7433101.0
11426.0,1650000.0,30500000.0
13909.0,1600000.0,5400000.0
592.0,1600000.0,4420000.0
10758.0,2000000.0,22179430.0
11690.0,1500000.0,11806119.0
3083.0,1500000.0,9600000.0
9344.0,1500000.0,7412216.0
10707.0,1500000.0,11098131.0
15647.0,1000000.0,10013424.0
4174.0,1500000.0,7000000.0
9464.0,1500000.0,2375097.0
49018.0,1500000.0,97009150.0
13820.0,1500000.0,2300000.0
17113.0,1500000.0,712294.0
129139.0,1500000.0,3566225.0
507.0,1500000.0,418961.0
4012.0,1500000.0,416925.0
10972.0,1500000.0,373967.0
3082.0,1.0,8500000.0
1961.0,1500000.0,173066.0
23963.0,1500000.0,32000.0
104755.0,1500000.0,1165882.0
408.0,1488423.0,184925486.0
39209.0,1455000.0,2620000.0
100.0,1350000.0,3897569.0
25784.0,1300000.0,639000.0
223.0,1288000.0,6000000.0
9725.0,1250000.0,21722776.0
28580.0,1250000.0,11000000.0
23730.0,1250000.0,3412497.0
19997.0,1250000.0,8500000.0
43266.0,1250000.0,6000000.0
176.0,1200000.0,103911669.0
39939.0,3000000.0,18492362.0
11219.0,1200000.0,7000000.0
176124.0,1200000.0,2861020.0
500.0,1200000.0,14661007.0
429.0,1200000.0,6000000.0
89750.0,900000.0,25000.0
43884.0,1200000.0,2736000.0
13064.0,2600000.0,2850263.0
7553.0,3000000.0,18637690.0
39895.0,1100000.0,1400000.0
94329.0,1100000.0,4105187.0
289.0,878000.0,10462500.0
1366.0,1000000.0,117235147.0
5769.0,1000000.0,37600000.0
277685.0,1000000.0,62882090.0
103.0,1300000.0,28262574.0
11298.0,1000000.0,17985893.0
646.0,950000.0,59600000.0
9003.0,1000000.0,14564027.0
347126.0,5000000.0,23507567.0
10092.0,1000000.0,10047674.0
10643.0,1000000.0,10037390.0
46705.0,3500000.0,16566240.0
546.0,1000000.0,13350369.0
76487.0,1000000.0,101758490.0
5722.0,2090000.0,40000000.0
39833.0,1000000.0,9000000.0
1781.0,1000000.0,46243000.0
18712.0,1000000.0,7800000.0
171424.0,5000000.0,6833445.0
113947.0,1000000.0,9138338.0
32456.0,1000000.0,2057193.0
13508.0,1000000.0,1678874.0
22597.0,1000000.0,1744858.0
26791.0,1000000.0,852206.0
56666.0,1000000.0,623791.0
46989.0,1000000.0,464000.0
123678.0,1000000.0,444575.0
13362.0,1000000.0,274661.0
18206.0,1000000.0,10018.0
13856.0,1000000.0,7202.0
29146.0,950000.0,814666.0
654.0,910000.0,9600000.0
91070.0,930000.0,30905.0
2009.0,852510.0,1185783.0
2652.0,950000.0,7022209.0
9813.0,900000.0,381420.0
3170.0,858000.0,267447150.0
15708.0,850000.0,819939.0
84200.0,850000.0,1243961.0
47889.0,800000.0,1001437.0
25461.0,800000.0,2816116.0
26899.0,800000.0,62852.0
14451.0,800000.0,1984662.0
838.0,777000.0,140000000.0
84332.0,750000.0,4007792.0
74725.0,500000.0,171760.0
58428.0,750000.0,78396.0
288.0,730000.0,8000000.0
14275.0,700000.0,7830611.0
18734.0,700000.0,1667192.0
7859.0,700000.0,4911725.0
302579.0,700000.0,10508.0
3080.0,609000.0,3202000.0
2667.0,60000.0,248000000.0
9459.0,600000.0,34505110.0
704.0,560000.0,12299668.0
14438.0,500000.0,33456317.0
83.0,130000.0,54667954.0
30315.0,500000.0,17000000.0
2056.0,500000.0,8679814.0
14271.0,2053648.0,500000.0
84401.0,500000.0,845188.0
12281.0,500000.0,603943.0
346.0,2000000.0,271841.0
45649.0,500000.0,98017.0
43933.0,500000.0,4242978.0
15624.0,450000.0,973525.0
3062.0,439000.0,2281000.0
8193.0,400000.0,46118097.0
23827.0,15000.0,193355800.0
762.0,400000.0,5028948.0
1435.0,218.0,1162014.0
9029.0,35000000.0,170000000.0
11240.0,860000.0,2451545.0
3059.0,385907.0,8394751.0
65203.0,379000.0,4358000.0
764.0,350000.0,29400000.0
103620.0,6000000.0,31081.0
14278.0,300000.0,1750211.0
389.0,350000.0,1000000.0
3078.0,325000.0,4500000.0
21525.0,300000.0,7808524.0
55123.0,312000.0,1281176.0
11980.0,8.0,16.0
73981.0,300000.0,2074000.0
118452.0,300000.0,40542.0
13282.0,300000.0,8000000.0
2255.0,250000.0,12021272.0
50035.0,250000.0,4186931.0
431.0,250000.0,501818.0
51942.0,250.0,203.0
60420.0,250000.0,3542353.0
109729.0,250000.0,56825.0
3060.0,245000.0,22000000.0
18533.0,230000.0,2260712.0
139948.0,225000.0,111300.0
70478.0,100000.0,27000000.0
35073.0,210000.0,5000000.0
9659.0,400000.0,100000000.0
10218.0,200000.0,4505922.0
391.0,200000.0,14500000.0
43595.0,200000.0,2200000.0
54897.0,200000.0,2295733.0
21334.0,180000.0,900000.0
79120.0,8000.0,469947.0
55420.0,100000.0,1776935.0
5822.0,150000.0,15200000.0
39141.0,150000.0,2891288.0
5723.0,160000.0,20710513.0
1779.0,160000.0,6706368.0
84355.0,125000.0,3200000.0
339408.0,8500000.0,15861566.0
18925.0,100000.0,10178331.0
299245.0,100000.0,42664410.0
985.0,10000.0,7000000.0
473.0,60000.0,3221152.0
9372.0,65000.0,28575078.0
47607.0,65000.0,416498.0
242095.0,4000000.0,600896.0
42151.0,31192.0,10000.0
2292.0,27000.0,3151130.0
692.0,12000.0,6000000.0
36095.0,20000.0,99000.0
14337.0,7000.0,424760.0
9367.0,220000.0,2040920.0